NU_ANO_CENSO;CO_IES;CO_CURSO;NO_CURSO;CO_CINE_AREA_GERAL;NO_CINE_AREA_GERAL;NO_CINE_ROTULO;TP_GRAU_ACADEMICO;TP_MODALIDADE_ENSINO;TP_DIMENSAO;NO_REGIAO;SG_UF;NO_MUNICIPIO;QT_VG_TOTAL;QT_INSCRITO_TOTAL;QT_ING;QT_MAT;QT_CONC
2024;322;1286800;Análise E Desenvolvimento De Sistemas;06;Computação e Tecnologias da Informação e Comunicação (TIC);Sistemas de informação;3;2;3;;;;73260;9601;0;0;0
2024;322;1551097;Ciência Da Computação;06;Computação e Tecnologias da Informação e Comunicação (TIC);Ciência da computação;1;2;3;;;;48000;2626;0;0;0
2024;322;1131979;Gestão Da Tecnologia Da Informação;06;Computação e Tecnologias da Informação e Comunicação (TIC);Gestão da tecnologia da informação;3;2;3;;;;73260;3066;0;0;0
2024;322;1382607;Redes De Computadores;06;Computação e Tecnologias da Informação e Comunicação (TIC);Redes de computadores;3;2;3;;;;73260;701;0;0;0
2024;322;1484730;Segurança Da Informação;06;Computação e Tecnologias da Informação e Comunicação (TIC);Segurança da informação;3;2;3;;;;73260;943;0;0;0
2024;322;1286800;Análise E Desenvolvimento De Sistemas;06;Computação e Tecnologias da Informação e Comunicação (TIC);Sistemas de informação;3;2;4;;;;0;0;5;8;2
2024;322;1551097;Ciência Da Computação;06;Computação e Tecnologias da Informação e Comunicação (TIC);Ciência da computação;1;2;4;;;;0;0;6;17;0
2024;322;1131979;Gestão Da Tecnologia Da Informação;06;Computação e Tecnologias da Informação e Comunicação (TIC);Gestão da tecnologia da informação;3;2;4;;;;0;0;0;1;1
2024;322;1382607;Redes De Computadores;06;Computação e Tecnologias da Informação e Comunicação (TIC);Redes de computadores;3;2;4;;;;0;0;1;1;0
2024;322;1484730;Segurança Da Informação;06;Computação e Tecnologias da Informação e Comunicação (TIC);Segurança da informação;3;2;4;;;;0;0;0;0;0
2024;322;114178;Análise E Desenvolvimento De Sistemas;06;Computação e Tecnologias da Informação e Comunicação (TIC);Sistemas de informação;3;1;1;Centro-Oeste;DF;Brasília;239;386;182;122;15
2024;322;43487;Ciência Da Computação;06;Computação e Tecnologias da Informação e Comunicação (TIC);Ciência da computação;1;1;1;Centro-Oeste;DF;Brasília;142;190;66;97;17
2024;322;76937;Gestão Da Tecnologia Da Informação;06;Computação e Tecnologias da Informação e Comunicação (TIC);Gestão da tecnologia da informação;3;1;1;Centro-Oeste;DF;Brasília;116;23;9;1;1
2024;322;43485;Sistemas De Informação;06;Computação e Tecnologias da Informação e Comunicação (TIC);Sistemas de informação;1;1;1;Centro-Oeste;DF;Brasília;81;16;2;0;0
2024;322;1286800;Análise E Desenvolvimento De Sistemas;06;Computação e Tecnologias da Informação e Comunicação (TIC);Sistemas de informação;3;2;2;Centro-Oeste;DF;Brasília;0;0;219;325;89
2024;322;1551097;Ciência Da Computação;06;Computação e Tecnologias da Informação e Comunicação (TIC);Ciência da computação;1;2;2;Centro-Oeste;DF;Brasília;0;0;22;35;1
2024;322;1131979;Gestão Da Tecnologia Da Informação;06;Computação e Tecnologias da Informação e Comunicação (TIC);Gestão da tecnologia da informação;3;2;2;Centro-Oeste;DF;Brasília;0;0;83;135;46
2024;322;1382607;Redes De Computadores;06;Computação e Tecnologias da Informação e Comunicação (TIC);Redes de computadores;3;2;2;Centro-Oeste;DF;Brasília;0;0;17;19;2
2024;322;1484730;Segurança Da Informação;06;Computação e Tecnologias da Informação e Comunicação (TIC);Segurança da informação;3;2;2;Centro-Oeste;DF;Brasília;0;0;25;46;6
2024;322;1286800;Análise E Desenvolvimento De Sistemas;06;Computação e Tecnologias da Informação e Comunicação (TIC);Sistemas de informação;3;2;2;Centro-Oeste;GO;Alexânia;0;0;7;7;1
2024;322;1551097;Ciência Da Computação;06;Computação e Tecnologias da Informação e Comunicação (TIC);Ciência da computação;1;2;2;Centro-Oeste;GO;Alexânia;0;0;2;0;0
2024;322;1131979;Gestão Da Tecnologia Da Informação;06;Computação e Tecnologias da Informação e Comunicação (TIC);Gestão da tecnologia da informação;3;2;2;Centro-Oeste;GO;Alexânia;0;0;3;4;3
2024;322;1382607;Redes De Computadores;06;Computação e Tecnologias da Informação e Comunicação (TIC);Redes de computadores;3;2;2;Centro-Oeste;GO;Alexânia;0;0;1;1;0
2024;322;1484730;Segurança Da Informação;06;Computação e Tecnologias da Informação e Comunicação (TIC);Segurança da informação;3;2;2;Centro-Oeste;GO;Alexânia;0;0;0;1;1
2024;322;1286800;Análise E Desenvolvimento De Sistemas;06;Computação e Tecnologias da Informação e Comunicação (TIC);Sistemas de informação;3;2;2;Centro-Oeste;GO;Anápolis;0;0;11;24;8
2024;322;1551097;Ciência Da Computação;06;Computação e Tecnologias da Informação e Comunicação (TIC);Ciência da computação;1;2;2;Centro-Oeste;GO;Anápolis;0;0;3;9;0
2024;322;1131979;Gestão Da Tecnologia Da Informação;06;Computação e Tecnologias da Informação e Comunicação (TIC);Gestão da tecnologia da informação;3;2;2;Centro-Oeste;GO;Anápolis;0;0;5;7;3
2024;322;1382607;Redes De Computadores;06;Computação e Tecnologias da Informação e Comunicação (TIC);Redes de computadores;3;2;2;Centro-Oeste;GO;Anápolis;0;0;2;2;0
2024;322;1484730;Segurança Da Informação;06;Computação e Tecnologias da Informação e Comunicação (TIC);Segurança da informação;3;2;2;Centro-Oeste;GO;Anápolis;0;0;0;0;0
2024;322;1286800;Análise E Desenvolvimento De Sistemas;06;Computação e Tecnologias da Informação e Comunicação (TIC);Sistemas de informação;3;2;2;Centro-Oeste;GO;Aparecida de Goiânia;0;0;22;26;7
2024;322;1551097;Ciência Da Computação;06;Computação e Tecnologias da Informação e Comunicação (TIC);Ciência da computação;1;2;2;Centro-Oeste;GO;Aparecida de Goiânia;0;0;6;11;0
2024;322;1131979;Gestão Da Tecnologia Da Informação;06;Computação e Tecnologias da Informação e Comunicação (TIC);Gestão da tecnologia da informação;3;2;2;Centro-Oeste;GO;Aparecida de Goiânia;0;0;12;11;1
2024;322;1382607;Redes De Computadores;06;Computação e Tecnologias da Informação e Comunicação (TIC);Redes de computadores;3;2;2;Centro-Oeste;GO;Aparecida de Goiânia;0;0;1;2;1
2024;322;1484730;Segurança Da Informação;06;Computação e Tecnologias da Informação e Comunicação (TIC);Segurança da informação;3;2;2;Centro-Oeste;GO;Aparecida de Goiânia;0;0;3;1;0
2024;322;1286800;Análise E Desenvolvimento De Sistemas;06;Computação e Tecnologias da Informação e Comunicação (TIC);Sistemas de informação;3;2;2;Centro-Oeste;GO;Bela Vista de Goiás;0;0;2;0;0
2024;322;1382607;Redes De Computadores;06;Computação e Tecnologias da Informação e Comunicação (TIC);Redes de computadores;3;2;2;Centro-Oeste;GO;Bela Vista de Goiás;0;0;1;0;0
2024;322;1484730;Segurança Da Informação;06;Computação e Tecnologias da Informação e Comunicação (TIC);Segurança da informação;3;2;2;Centro-Oeste;GO;Bela Vista de Goiás;0;0;2;1;0
2024;322;1286800;Análise E Desenvolvimento De Sistemas;06;Computação e Tecnologias da Informação e Comunicação (TIC);Sistemas de informação;3;2;2;Centro-Oeste;GO;Caldas Novas;0;0;3;2;0
2024;322;1551097;Ciência Da Computação;06;Computação e Tecnologias da Informação e Comunicação (TIC);Ciência da computação;1;2;2;Centro-Oeste;GO;Caldas Novas;0;0;0;1;0
2024;322;1131979;Gestão Da Tecnologia Da Informação;06;Computação e Tecnologias da Informação e Comunicação (TIC);Gestão da tecnologia da informação;3;2;2;Centro-Oeste;GO;Caldas Novas;0;0;1;0;0
2024;322;1382607;Redes De Computadores;06;Computação e Tecnologias da Informação e Comunicação (TIC);Redes de computadores;3;2;2;Centro-Oeste;GO;Caldas Novas;0;0;0;0;0
2024;322;1286800;Análise E Desenvolvimento De Sistemas;06;Computação e Tecnologias da Informação e Comunicação (TIC);Sistemas de informação;3;2;2;Centro-Oeste;GO;Catalão;0;0;0;2;2
2024;322;1551097;Ciência Da Computação;06;Computação e Tecnologias da Informação e Comunicação (TIC);Ciência da computação;1;2;2;Centro-Oeste;GO;Catalão;0;0;0;0;0
2024;322;1286800;Análise E Desenvolvimento De Sistemas;06;Computação e Tecnologias da Informação e Comunicação (TIC);Sistemas de informação;3;2;2;Centro-Oeste;GO;Ceres;0;0;1;5;1
2024;322;1551097;Ciência Da Computação;06;Computação e Tecnologias da Informação e Comunicação (TIC);Ciência da computação;1;2;2;Centro-Oeste;GO;Ceres;0;0;0;1;0
2024;322;1131979;Gestão Da Tecnologia Da Informação;06;Computação e Tecnologias da Informação e Comunicação (TIC);Gestão da tecnologia da informação;3;2;2;Centro-Oeste;GO;Ceres;0;0;0;2;0
2024;322;1382607;Redes De Computadores;06;Computação e Tecnologias da Informação e Comunicação (TIC);Redes de computadores;3;2;2;Centro-Oeste;GO;Ceres;0;0;0;0;0
2024;322;1484730;Segurança Da Informação;06;Computação e Tecnologias da Informação e Comunicação (TIC);Segurança da informação;3;2;2;Centro-Oeste;GO;Ceres;0;0;1;2;0
2024;322;1286800;Análise E Desenvolvimento De Sistemas;06;Computação e Tecnologias da Informação e Comunicação (TIC);Sistemas de informação;3;2;2;Centro-Oeste;GO;Cidade Ocidental;0;0;0;1;1
2024;322;1551097;Ciência Da Computação;06;Computação e Tecnologias da Informação e Comunicação (TIC);Ciência da computação;1;2;2;Centro-Oeste;GO;Cidade Ocidental;0;0;0;0;0
2024;322;1131979;Gestão Da Tecnologia Da Informação;06;Computação e Tecnologias da Informação e Comunicação (TIC);Gestão da tecnologia da informação;3;2;2;Centro-Oeste;GO;Cidade Ocidental;0;0;0;1;0
2024;322;1484730;Segurança Da Informação;06;Computação e Tecnologias da Informação e Comunicação (TIC);Segurança da informação;3;2;2;Centro-Oeste;GO;Cidade Ocidental;0;0;0;0;0
2024;322;1286800;Análise E Desenvolvimento De Sistemas;06;Computação e Tecnologias da Informação e Comunicação (TIC);Sistemas de informação;3;2;2;Centro-Oeste;GO;Cristalina;0;0;0;2;0
2024;322;1131979;Gestão Da Tecnologia Da Informação;06;Computação e Tecnologias da Informação e Comunicação (TIC);Gestão da tecnologia da informação;3;2;2;Centro-Oeste;GO;Cristalina;0;0;0;1;0
2024;322;1286800;Análise E Desenvolvimento De Sistemas;06;Computação e Tecnologias da Informação e Comunicação (TIC);Sistemas de informação;3;2;2;Centro-Oeste;GO;Formosa;0;0;0;3;0
2024;322;1551097;Ciência Da Computação;06;Computação e Tecnologias da Informação e Comunicação (TIC);Ciência da computação;1;2;2;Centro-Oeste;GO;Formosa;0;0;0;0;0
2024;322;1131979;Gestão Da Tecnologia Da Informação;06;Computação e Tecnologias da Informação e Comunicação (TIC);Gestão da tecnologia da informação;3;2;2;Centro-Oeste;GO;Formosa;0;0;0;2;1
2024;322;1382607;Redes De Computadores;06;Computação e Tecnologias da Informação e Comunicação (TIC);Redes de computadores;3;2;2;Centro-Oeste;GO;Formosa;0;0;0;1;0
2024;322;1484730;Segurança Da Informação;06;Computação e Tecnologias da Informação e Comunicação (TIC);Segurança da informação;3;2;2;Centro-Oeste;GO;Formosa;0;0;0;1;0
2024;322;1286800;Análise E Desenvolvimento De Sistemas;06;Computação e Tecnologias da Informação e Comunicação (TIC);Sistemas de informação;3;2;2;Centro-Oeste;GO;Goianira;0;0;4;5;2
2024;322;1551097;Ciência Da Computação;06;Computação e Tecnologias da Informação e Comunicação (TIC);Ciência da computação;1;2;2;Centro-Oeste;GO;Goianira;0;0;2;1;0
2024;322;1131979;Gestão Da Tecnologia Da Informação;06;Computação e Tecnologias da Informação e Comunicação (TIC);Gestão da tecnologia da informação;3;2;2;Centro-Oeste;GO;Goianira;0;0;1;0;0
2024;322;1382607;Redes De Computadores;06;Computação e Tecnologias da Informação e Comunicação (TIC);Redes de computadores;3;2;2;Centro-Oeste;GO;Goianira;0;0;1;0;0
2024;322;1484730;Segurança Da Informação;06;Computação e Tecnologias da Informação e Comunicação (TIC);Segurança da informação;3;2;2;Centro-Oeste;GO;Goianira;0;0;1;1;0
2024;322;1286800;Análise E Desenvolvimento De Sistemas;06;Computação e Tecnologias da Informação e Comunicação (TIC);Sistemas de informação;3;2;2;Centro-Oeste;GO;Goianésia;0;0;1;7;2
2024;322;1551097;Ciência Da Computação;06;Computação e Tecnologias da Informação e Comunicação (TIC);Ciência da computação;1;2;2;Centro-Oeste;GO;Goianésia;0;0;0;2;0
2024;322;1131979;Gestão Da Tecnologia Da Informação;06;Computação e Tecnologias da Informação e Comunicação (TIC);Gestão da tecnologia da informação;3;2;2;Centro-Oeste;GO;Goianésia;0;0;1;3;0
2024;322;1382607;Redes De Computadores;06;Computação e Tecnologias da Informação e Comunicação (TIC);Redes de computadores;3;2;2;Centro-Oeste;GO;Goianésia;0;0;0;1;0
2024;322;1484730;Segurança Da Informação;06;Computação e Tecnologias da Informação e Comunicação (TIC);Segurança da informação;3;2;2;Centro-Oeste;GO;Goianésia;0;0;1;1;0
2024;322;1160946;Análise E Desenvolvimento De Sistemas;06;Computação e Tecnologias da Informação e Comunicação (TIC);Sistemas de informação;3;1;1;Centro-Oeste;GO;Goiânia;241;562;209;217;53
2024;322;43645;Ciência Da Computação;06;Computação e Tecnologias da Informação e Comunicação (TIC);Ciência da computação;1;1;1;Centro-Oeste;GO;Goiânia;240;422;153;278;13
2024;322;1485386;Gestão Da Tecnologia Da Informação;06;Computação e Tecnologias da Informação e Comunicação (TIC);Gestão da tecnologia da informação;3;1;1;Centro-Oeste;GO;Goiânia;93;144;45;22;0
2024;322;1286800;Análise E Desenvolvimento De Sistemas;06;Computação e Tecnologias da Informação e Comunicação (TIC);Sistemas de informação;3;2;2;Centro-Oeste;GO;Goiânia;0;0;80;77;16
2024;322;1551097;Ciência Da Computação;06;Computação e Tecnologias da Informação e Comunicação (TIC);Ciência da computação;1;2;2;Centro-Oeste;GO;Goiânia;0;0;43;42;0
2024;322;1131979;Gestão Da Tecnologia Da Informação;06;Computação e Tecnologias da Informação e Comunicação (TIC);Gestão da tecnologia da informação;3;2;2;Centro-Oeste;GO;Goiânia;0;0;16;16;4
2024;322;1382607;Redes De Computadores;06;Computação e Tecnologias da Informação e Comunicação (TIC);Redes de computadores;3;2;2;Centro-Oeste;GO;Goiânia;0;0;3;4;2
2024;322;1484730;Segurança Da Informação;06;Computação e Tecnologias da Informação e Comunicação (TIC);Segurança da informação;3;2;2;Centro-Oeste;GO;Goiânia;0;0;8;4;0
2024;322;1286800;Análise E Desenvolvimento De Sistemas;06;Computação e Tecnologias da Informação e Comunicação (TIC);Sistemas de informação;3;2;2;Centro-Oeste;GO;Inhumas;0;0;5;1;0
2024;322;1551097;Ciência Da Computação;06;Computação e Tecnologias da Informação e Comunicação (TIC);Ciência da computação;1;2;2;Centro-Oeste;GO;Inhumas;0;0;1;1;0
2024;322;1131979;Gestão Da Tecnologia Da Informação;06;Computação e Tecnologias da Informação e Comunicação (TIC);Gestão da tecnologia da informação;3;2;2;Centro-Oeste;GO;Inhumas;0;0;2;1;0
2024;322;1484730;Segurança Da Informação;06;Computação e Tecnologias da Informação e Comunicação (TIC);Segurança da informação;3;2;2;Centro-Oeste;GO;Inhumas;0;0;0;0;0
2024;322;1131979;Gestão Da Tecnologia Da Informação;06;Computação e Tecnologias da Informação e Comunicação (TIC);Gestão da tecnologia da informação;3;2;2;Centro-Oeste;GO;Ipameri;0;0;1;1;0
2024;322;1286800;Análise E Desenvolvimento De Sistemas;06;Computação e Tecnologias da Informação e Comunicação (TIC);Sistemas de informação;3;2;2;Centro-Oeste;GO;Iporá;0;0;3;1;0
2024;322;1286800;Análise E Desenvolvimento De Sistemas;06;Computação e Tecnologias da Informação e Comunicação (TIC);Sistemas de informação;3;2;2;Centro-Oeste;GO;Itaberaí;0;0;1;1;1
2024;322;1551097;Ciência Da Computação;06;Computação e Tecnologias da Informação e Comunicação (TIC);Ciência da computação;1;2;2;Centro-Oeste;GO;Itaberaí;0;0;1;0;0
2024;322;1131979;Gestão Da Tecnologia Da Informação;06;Computação e Tecnologias da Informação e Comunicação (TIC);Gestão da tecnologia da informação;3;2;2;Centro-Oeste;GO;Itaberaí;0;0;1;1;0
2024;322;1286800;Análise E Desenvolvimento De Sistemas;06;Computação e Tecnologias da Informação e Comunicação (TIC);Sistemas de informação;3;2;2;Centro-Oeste;GO;Itapaci;0;0;1;1;0
2024;322;1286800;Análise E Desenvolvimento De Sistemas;06;Computação e Tecnologias da Informação e Comunicação (TIC);Sistemas de informação;3;2;2;Centro-Oeste;GO;Itumbiara;0;0;0;1;1
2024;322;1551097;Ciência Da Computação;06;Computação e Tecnologias da Informação e Comunicação (TIC);Ciência da computação;1;2;2;Centro-Oeste;GO;Itumbiara;0;0;0;0;0
2024;322;1131979;Gestão Da Tecnologia Da Informação;06;Computação e Tecnologias da Informação e Comunicação (TIC);Gestão da tecnologia da informação;3;2;2;Centro-Oeste;GO;Itumbiara;0;0;1;1;0
2024;322;1484730;Segurança Da Informação;06;Computação e Tecnologias da Informação e Comunicação (TIC);Segurança da informação;3;2;2;Centro-Oeste;GO;Itumbiara;0;0;0;1;0
2024;322;1286800;Análise E Desenvolvimento De Sistemas;06;Computação e Tecnologias da Informação e Comunicação (TIC);Sistemas de informação;3;2;2;Centro-Oeste;GO;Jaraguá;0;0;0;0;0
2024;322;1286800;Análise E Desenvolvimento De Sistemas;06;Computação e Tecnologias da Informação e Comunicação (TIC);Sistemas de informação;3;2;2;Centro-Oeste;GO;Jataí;0;0;0;0;0
2024;322;1131979;Gestão Da Tecnologia Da Informação;06;Computação e Tecnologias da Informação e Comunicação (TIC);Gestão da tecnologia da informação;3;2;2;Centro-Oeste;GO;Jataí;0;0;0;1;0
2024;322;1484730;Segurança Da Informação;06;Computação e Tecnologias da Informação e Comunicação (TIC);Segurança da informação;3;2;2;Centro-Oeste;GO;Jataí;0;0;1;0;0
2024;322;1286800;Análise E Desenvolvimento De Sistemas;06;Computação e Tecnologias da Informação e Comunicação (TIC);Sistemas de informação;3;2;2;Centro-Oeste;GO;Jussara;0;0;1;2;2
2024;322;1551097;Ciência Da Computação;06;Computação e Tecnologias da Informação e Comunicação (TIC);Ciência da computação;1;2;2;Centro-Oeste;GO;Jussara;0;0;2;5;0
2024;322;1131979;Gestão Da Tecnologia Da Informação;06;Computação e Tecnologias da Informação e Comunicação (TIC);Gestão da tecnologia da informação;3;2;2;Centro-Oeste;GO;Jussara;0;0;0;1;0
2024;322;1286800;Análise E Desenvolvimento De Sistemas;06;Computação e Tecnologias da Informação e Comunicação (TIC);Sistemas de informação;3;2;2;Centro-Oeste;GO;Luziânia;0;0;7;10;4
2024;322;1131979;Gestão Da Tecnologia Da Informação;06;Computação e Tecnologias da Informação e Comunicação (TIC);Gestão da tecnologia da informação;3;2;2;Centro-Oeste;GO;Luziânia;0;0;3;3;1
2024;322;1382607;Redes De Computadores;06;Computação e Tecnologias da Informação e Comunicação (TIC);Redes de computadores;3;2;2;Centro-Oeste;GO;Luziânia;0;0;1;0;0
2024;322;1286800;Análise E Desenvolvimento De Sistemas;06;Computação e Tecnologias da Informação e Comunicação (TIC);Sistemas de informação;3;2;2;Centro-Oeste;GO;Morrinhos;0;0;0;2;2
2024;322;1131979;Gestão Da Tecnologia Da Informação;06;Computação e Tecnologias da Informação e Comunicação (TIC);Gestão da tecnologia da informação;3;2;2;Centro-Oeste;GO;Morrinhos;0;0;0;0;0
2024;322;1286800;Análise E Desenvolvimento De Sistemas;06;Computação e Tecnologias da Informação e Comunicação (TIC);Sistemas de informação;3;2;2;Centro-Oeste;GO;Mozarlândia;0;0;0;1;0
2024;322;1131979;Gestão Da Tecnologia Da Informação;06;Computação e Tecnologias da Informação e Comunicação (TIC);Gestão da tecnologia da informação;3;2;2;Centro-Oeste;GO;Mozarlândia;0;0;0;1;1
2024;322;1382607;Redes De Computadores;06;Computação e Tecnologias da Informação e Comunicação (TIC);Redes de computadores;3;2;2;Centro-Oeste;GO;Mozarlândia;0;0;1;1;0
2024;322;1484730;Segurança Da Informação;06;Computação e Tecnologias da Informação e Comunicação (TIC);Segurança da informação;3;2;2;Centro-Oeste;GO;Mozarlândia;0;0;0;0;0
2024;322;1286800;Análise E Desenvolvimento De Sistemas;06;Computação e Tecnologias da Informação e Comunicação (TIC);Sistemas de informação;3;2;2;Centro-Oeste;GO;Nerópolis;0;0;0;0;0
2024;322;1551097;Ciência Da Computação;06;Computação e Tecnologias da Informação e Comunicação (TIC);Ciência da computação;1;2;2;Centro-Oeste;GO;Nerópolis;0;0;0;0;0
2024;322;1131979;Gestão Da Tecnologia Da Informação;06;Computação e Tecnologias da Informação e Comunicação (TIC);Gestão da tecnologia da informação;3;2;2;Centro-Oeste;GO;Nerópolis;0;0;0;0;0
2024;322;1286800;Análise E Desenvolvimento De Sistemas;06;Computação e Tecnologias da Informação e Comunicação (TIC);Sistemas de informação;3;2;2;Centro-Oeste;GO;Niquelândia;0;0;0;0;0
2024;322;1551097;Ciência Da Computação;06;Computação e Tecnologias da Informação e Comunicação (TIC);Ciência da computação;1;2;2;Centro-Oeste;GO;Niquelândia;0;0;2;1;0
2024;322;1131979;Gestão Da Tecnologia Da Informação;06;Computação e Tecnologias da Informação e Comunicação (TIC);Gestão da tecnologia da informação;3;2;2;Centro-Oeste;GO;Niquelândia;0;0;1;1;0
2024;322;1286800;Análise E Desenvolvimento De Sistemas;06;Computação e Tecnologias da Informação e Comunicação (TIC);Sistemas de informação;3;2;2;Centro-Oeste;GO;Novo Gama;0;0;4;1;0
2024;322;1551097;Ciência Da Computação;06;Computação e Tecnologias da Informação e Comunicação (TIC);Ciência da computação;1;2;2;Centro-Oeste;GO;Novo Gama;0;0;2;1;0
2024;322;1131979;Gestão Da Tecnologia Da Informação;06;Computação e Tecnologias da Informação e Comunicação (TIC);Gestão da tecnologia da informação;3;2;2;Centro-Oeste;GO;Novo Gama;0;0;5;2;0
2024;322;1131979;Gestão Da Tecnologia Da Informação;06;Computação e Tecnologias da Informação e Comunicação (TIC);Gestão da tecnologia da informação;3;2;2;Centro-Oeste;GO;Pires do Rio;0;0;0;0;0
2024;322;1286800;Análise E Desenvolvimento De Sistemas;06;Computação e Tecnologias da Informação e Comunicação (TIC);Sistemas de informação;3;2;2;Centro-Oeste;GO;Planaltina;0;0;19;18;2
2024;322;1551097;Ciência Da Computação;06;Computação e Tecnologias da Informação e Comunicação (TIC);Ciência da computação;1;2;2;Centro-Oeste;GO;Planaltina;0;0;3;6;0
2024;322;1131979;Gestão Da Tecnologia Da Informação;06;Computação e Tecnologias da Informação e Comunicação (TIC);Gestão da tecnologia da informação;3;2;2;Centro-Oeste;GO;Planaltina;0;0;8;3;0
2024;322;1382607;Redes De Computadores;06;Computação e Tecnologias da Informação e Comunicação (TIC);Redes de computadores;3;2;2;Centro-Oeste;GO;Planaltina;0;0;2;1;0
2024;322;1484730;Segurança Da Informação;06;Computação e Tecnologias da Informação e Comunicação (TIC);Segurança da informação;3;2;2;Centro-Oeste;GO;Planaltina;0;0;0;2;0
2024;322;1131979;Gestão Da Tecnologia Da Informação;06;Computação e Tecnologias da Informação e Comunicação (TIC);Gestão da tecnologia da informação;3;2;2;Centro-Oeste;GO;Porangatu;0;0;2;1;0
2024;322;1286800;Análise E Desenvolvimento De Sistemas;06;Computação e Tecnologias da Informação e Comunicação (TIC);Sistemas de informação;3;2;2;Centro-Oeste;GO;Posse;0;0;1;2;0
2024;322;1131979;Gestão Da Tecnologia Da Informação;06;Computação e Tecnologias da Informação e Comunicação (TIC);Gestão da tecnologia da informação;3;2;2;Centro-Oeste;GO;Posse;0;0;2;1;0
2024;322;1382607;Redes De Computadores;06;Computação e Tecnologias da Informação e Comunicação (TIC);Redes de computadores;3;2;2;Centro-Oeste;GO;Posse;0;0;0;0;0
2024;322;1286800;Análise E Desenvolvimento De Sistemas;06;Computação e Tecnologias da Informação e Comunicação (TIC);Sistemas de informação;3;2;2;Centro-Oeste;GO;Rio Verde;0;0;3;1;0
2024;322;1131979;Gestão Da Tecnologia Da Informação;06;Computação e Tecnologias da Informação e Comunicação (TIC);Gestão da tecnologia da informação;3;2;2;Centro-Oeste;GO;Rio Verde;0;0;0;0;0
2024;322;1382607;Redes De Computadores;06;Computação e Tecnologias da Informação e Comunicação (TIC);Redes de computadores;3;2;2;Centro-Oeste;GO;Rio Verde;0;0;0;1;0
2024;322;1484730;Segurança Da Informação;06;Computação e Tecnologias da Informação e Comunicação (TIC);Segurança da informação;3;2;2;Centro-Oeste;GO;Rio Verde;0;0;0;1;1
2024;322;1286800;Análise E Desenvolvimento De Sistemas;06;Computação e Tecnologias da Informação e Comunicação (TIC);Sistemas de informação;3;2;2;Centro-Oeste;GO;Santo Antônio do Descoberto;0;0;0;2;0
2024;322;1131979;Gestão Da Tecnologia Da Informação;06;Computação e Tecnologias da Informação e Comunicação (TIC);Gestão da tecnologia da informação;3;2;2;Centro-Oeste;GO;Santo Antônio do Descoberto;0;0;1;1;0
2024;322;1382607;Redes De Computadores;06;Computação e Tecnologias da Informação e Comunicação (TIC);Redes de computadores;3;2;2;Centro-Oeste;GO;Santo Antônio do Descoberto;0;0;0;1;0
2024;322;1286800;Análise E Desenvolvimento De Sistemas;06;Computação e Tecnologias da Informação e Comunicação (TIC);Sistemas de informação;3;2;2;Centro-Oeste;GO;Senador Canedo;0;0;5;7;1
2024;322;1551097;Ciência Da Computação;06;Computação e Tecnologias da Informação e Comunicação (TIC);Ciência da computação;1;2;2;Centro-Oeste;GO;Senador Canedo;0;0;1;1;0
2024;322;1131979;Gestão Da Tecnologia Da Informação;06;Computação e Tecnologias da Informação e Comunicação (TIC);Gestão da tecnologia da informação;3;2;2;Centro-Oeste;GO;Senador Canedo;0;0;5;5;0
2024;322;1382607;Redes De Computadores;06;Computação e Tecnologias da Informação e Comunicação (TIC);Redes de computadores;3;2;2;Centro-Oeste;GO;Senador Canedo;0;0;2;2;0
2024;322;1484730;Segurança Da Informação;06;Computação e Tecnologias da Informação e Comunicação (TIC);Segurança da informação;3;2;2;Centro-Oeste;GO;Senador Canedo;0;0;0;1;1
2024;322;1286800;Análise E Desenvolvimento De Sistemas;06;Computação e Tecnologias da Informação e Comunicação (TIC);Sistemas de informação;3;2;2;Centro-Oeste;GO;São Luís de Montes Belos;0;0;3;2;0
2024;322;1551097;Ciência Da Computação;06;Computação e Tecnologias da Informação e Comunicação (TIC);Ciência da computação;1;2;2;Centro-Oeste;GO;São Luís de Montes Belos;0;0;1;2;0
2024;322;1131979;Gestão Da Tecnologia Da Informação;06;Computação e Tecnologias da Informação e Comunicação (TIC);Gestão da tecnologia da informação;3;2;2;Centro-Oeste;GO;São Luís de Montes Belos;0;0;0;0;0
2024;322;1382607;Redes De Computadores;06;Computação e Tecnologias da Informação e Comunicação (TIC);Redes de computadores;3;2;2;Centro-Oeste;GO;São Luís de Montes Belos;0;0;1;0;0
2024;322;1286800;Análise E Desenvolvimento De Sistemas;06;Computação e Tecnologias da Informação e Comunicação (TIC);Sistemas de informação;3;2;2;Centro-Oeste;GO;São Simão;0;0;0;1;1
2024;322;1551097;Ciência Da Computação;06;Computação e Tecnologias da Informação e Comunicação (TIC);Ciência da computação;1;2;2;Centro-Oeste;GO;São Simão;0;0;0;0;0
2024;322;1131979;Gestão Da Tecnologia Da Informação;06;Computação e Tecnologias da Informação e Comunicação (TIC);Gestão da tecnologia da informação;3;2;2;Centro-Oeste;GO;São Simão;0;0;0;0;0
2024;322;1382607;Redes De Computadores;06;Computação e Tecnologias da Informação e Comunicação (TIC);Redes de computadores;3;2;2;Centro-Oeste;GO;São Simão;0;0;0;0;0
2024;322;1286800;Análise E Desenvolvimento De Sistemas;06;Computação e Tecnologias da Informação e Comunicação (TIC);Sistemas de informação;3;2;2;Centro-Oeste;GO;Trindade;0;0;23;24;1
2024;322;1551097;Ciência Da Computação;06;Computação e Tecnologias da Informação e Comunicação (TIC);Ciência da computação;1;2;2;Centro-Oeste;GO;Trindade;0;0;2;2;0
2024;322;1131979;Gestão Da Tecnologia Da Informação;06;Computação e Tecnologias da Informação e Comunicação (TIC);Gestão da tecnologia da informação;3;2;2;Centro-Oeste;GO;Trindade;0;0;3;3;0
2024;322;1382607;Redes De Computadores;06;Computação e Tecnologias da Informação e Comunicação (TIC);Redes de computadores;3;2;2;Centro-Oeste;GO;Trindade;0;0;0;1;0
2024;322;1484730;Segurança Da Informação;06;Computação e Tecnologias da Informação e Comunicação (TIC);Segurança da informação;3;2;2;Centro-Oeste;GO;Trindade;0;0;2;3;0
2024;322;1286800;Análise E Desenvolvimento De Sistemas;06;Computação e Tecnologias da Informação e Comunicação (TIC);Sistemas de informação;3;2;2;Centro-Oeste;GO;Uruaçu;0;0;2;2;1
2024;322;1131979;Gestão Da Tecnologia Da Informação;06;Computação e Tecnologias da Informação e Comunicação (TIC);Gestão da tecnologia da informação;3;2;2;Centro-Oeste;GO;Uruaçu;0;0;0;1;1
2024;322;1484730;Segurança Da Informação;06;Computação e Tecnologias da Informação e Comunicação (TIC);Segurança da informação;3;2;2;Centro-Oeste;GO;Uruaçu;0;0;0;1;1
2024;322;1286800;Análise E Desenvolvimento De Sistemas;06;Computação e Tecnologias da Informação e Comunicação (TIC);Sistemas de informação;3;2;2;Centro-Oeste;GO;Valparaíso de Goiás;0;0;11;21;7
2024;322;1551097;Ciência Da Computação;06;Computação e Tecnologias da Informação e Comunicação (TIC);Ciência da computação;1;2;2;Centro-Oeste;GO;Valparaíso de Goiás;0;0;0;5;0
2024;322;1131979;Gestão Da Tecnologia Da Informação;06;Computação e Tecnologias da Informação e Comunicação (TIC);Gestão da tecnologia da informação;3;2;2;Centro-Oeste;GO;Valparaíso de Goiás;0;0;3;5;2
2024;322;1382607;Redes De Computadores;06;Computação e Tecnologias da Informação e Comunicação (TIC);Redes de computadores;3;2;2;Centro-Oeste;GO;Valparaíso de Goiás;0;0;1;2;0
2024;322;1484730;Segurança Da Informação;06;Computação e Tecnologias da Informação e Comunicação (TIC);Segurança da informação;3;2;2;Centro-Oeste;GO;Valparaíso de Goiás;0;0;2;5;2
2024;322;1286800;Análise E Desenvolvimento De Sistemas;06;Computação e Tecnologias da Informação e Comunicação (TIC);Sistemas de informação;3;2;2;Centro-Oeste;GO;Águas Lindas de Goiás;0;0;0;2;2
2024;322;1551097;Ciência Da Computação;06;Computação e Tecnologias da Informação e Comunicação (TIC);Ciência da computação;1;2;2;Centro-Oeste;GO;Águas Lindas de Goiás;0;0;0;0;0
2024;322;1131979;Gestão Da Tecnologia Da Informação;06;Computação e Tecnologias da Informação e Comunicação (TIC);Gestão da tecnologia da informação;3;2;2;Centro-Oeste;GO;Águas Lindas de Goiás;0;0;0;1;0
2024;322;1131979;Gestão Da Tecnologia Da Informação;06;Computação e Tecnologias da Informação e Comunicação (TIC);Gestão da tecnologia da informação;3;2;2;Centro-Oeste;MT;Alta Floresta;0;0;0;1;0
2024;322;1286800;Análise E Desenvolvimento De Sistemas;06;Computação e Tecnologias da Informação e Comunicação (TIC);Sistemas de informação;3;2;2;Centro-Oeste;MT;Alto Araguaia;0;0;0;0;0
2024;322;1286800;Análise E Desenvolvimento De Sistemas;06;Computação e Tecnologias da Informação e Comunicação (TIC);Sistemas de informação;3;2;2;Centro-Oeste;MT;Barra do Garças;0;0;0;0;0
2024;322;1551097;Ciência Da Computação;06;Computação e Tecnologias da Informação e Comunicação (TIC);Ciência da computação;1;2;2;Centro-Oeste;MT;Barra do Garças;0;0;0;0;0
2024;322;1131979;Gestão Da Tecnologia Da Informação;06;Computação e Tecnologias da Informação e Comunicação (TIC);Gestão da tecnologia da informação;3;2;2;Centro-Oeste;MT;Chapada dos Guimarães;0;0;0;1;0
2024;322;1382607;Redes De Computadores;06;Computação e Tecnologias da Informação e Comunicação (TIC);Redes de computadores;3;2;2;Centro-Oeste;MT;Chapada dos Guimarães;0;0;0;1;1
2024;322;1551097;Ciência Da Computação;06;Computação e Tecnologias da Informação e Comunicação (TIC);Ciência da computação;1;2;2;Centro-Oeste;MT;Colniza;0;0;0;1;0
2024;322;1484730;Segurança Da Informação;06;Computação e Tecnologias da Informação e Comunicação (TIC);Segurança da informação;3;2;2;Centro-Oeste;MT;Colniza;0;0;0;1;0
2024;322;1286800;Análise E Desenvolvimento De Sistemas;06;Computação e Tecnologias da Informação e Comunicação (TIC);Sistemas de informação;3;2;2;Centro-Oeste;MT;Colíder;0;0;0;0;0
2024;322;1551097;Ciência Da Computação;06;Computação e Tecnologias da Informação e Comunicação (TIC);Ciência da computação;1;2;2;Centro-Oeste;MT;Colíder;0;0;0;1;0
2024;322;1131979;Gestão Da Tecnologia Da Informação;06;Computação e Tecnologias da Informação e Comunicação (TIC);Gestão da tecnologia da informação;3;2;2;Centro-Oeste;MT;Colíder;0;0;0;0;0
2024;322;1286800;Análise E Desenvolvimento De Sistemas;06;Computação e Tecnologias da Informação e Comunicação (TIC);Sistemas de informação;3;2;2;Centro-Oeste;MT;Cuiabá;0;0;6;4;1
2024;322;1551097;Ciência Da Computação;06;Computação e Tecnologias da Informação e Comunicação (TIC);Ciência da computação;1;2;2;Centro-Oeste;MT;Cuiabá;0;0;4;1;1
2024;322;1131979;Gestão Da Tecnologia Da Informação;06;Computação e Tecnologias da Informação e Comunicação (TIC);Gestão da tecnologia da informação;3;2;2;Centro-Oeste;MT;Cuiabá;0;0;0;0;0
2024;322;1382607;Redes De Computadores;06;Computação e Tecnologias da Informação e Comunicação (TIC);Redes de computadores;3;2;2;Centro-Oeste;MT;Cuiabá;0;0;1;3;1
2024;322;1286800;Análise E Desenvolvimento De Sistemas;06;Computação e Tecnologias da Informação e Comunicação (TIC);Sistemas de informação;3;2;2;Centro-Oeste;MT;Guarantã do Norte;0;0;0;0;0
2024;322;1131979;Gestão Da Tecnologia Da Informação;06;Computação e Tecnologias da Informação e Comunicação (TIC);Gestão da tecnologia da informação;3;2;2;Centro-Oeste;MT;Guarantã do Norte;0;0;0;0;0
2024;322;1551097;Ciência Da Computação;06;Computação e Tecnologias da Informação e Comunicação (TIC);Ciência da computação;1;2;2;Centro-Oeste;MT;Jaciara;0;0;0;0;0
2024;322;1286800;Análise E Desenvolvimento De Sistemas;06;Computação e Tecnologias da Informação e Comunicação (TIC);Sistemas de informação;3;2;2;Centro-Oeste;MT;Juína;0;0;0;0;0
2024;322;1551097;Ciência Da Computação;06;Computação e Tecnologias da Informação e Comunicação (TIC);Ciência da computação;1;2;2;Centro-Oeste;MT;Juína;0;0;0;0;0
2024;322;1131979;Gestão Da Tecnologia Da Informação;06;Computação e Tecnologias da Informação e Comunicação (TIC);Gestão da tecnologia da informação;3;2;2;Centro-Oeste;MT;Juína;0;0;1;2;0
2024;322;1484730;Segurança Da Informação;06;Computação e Tecnologias da Informação e Comunicação (TIC);Segurança da informação;3;2;2;Centro-Oeste;MT;Juína;0;0;0;1;0
2024;322;1286800;Análise E Desenvolvimento De Sistemas;06;Computação e Tecnologias da Informação e Comunicação (TIC);Sistemas de informação;3;2;2;Centro-Oeste;MT;Lucas do Rio Verde;0;0;1;0;0
2024;322;1551097;Ciência Da Computação;06;Computação e Tecnologias da Informação e Comunicação (TIC);Ciência da computação;1;2;2;Centro-Oeste;MT;Lucas do Rio Verde;0;0;0;0;0
2024;322;1131979;Gestão Da Tecnologia Da Informação;06;Computação e Tecnologias da Informação e Comunicação (TIC);Gestão da tecnologia da informação;3;2;2;Centro-Oeste;MT;Lucas do Rio Verde;0;0;0;1;0
2024;322;1286800;Análise E Desenvolvimento De Sistemas;06;Computação e Tecnologias da Informação e Comunicação (TIC);Sistemas de informação;3;2;2;Centro-Oeste;MT;Nova Mutum;0;0;0;2;1
2024;322;1131979;Gestão Da Tecnologia Da Informação;06;Computação e Tecnologias da Informação e Comunicação (TIC);Gestão da tecnologia da informação;3;2;2;Centro-Oeste;MT;Nova Mutum;0;0;0;0;0
2024;322;1382607;Redes De Computadores;06;Computação e Tecnologias da Informação e Comunicação (TIC);Redes de computadores;3;2;2;Centro-Oeste;MT;Nova Mutum;0;0;0;0;0
2024;322;1286800;Análise E Desenvolvimento De Sistemas;06;Computação e Tecnologias da Informação e Comunicação (TIC);Sistemas de informação;3;2;2;Centro-Oeste;MT;Nova Xavantina;0;0;0;2;2
2024;322;1551097;Ciência Da Computação;06;Computação e Tecnologias da Informação e Comunicação (TIC);Ciência da computação;1;2;2;Centro-Oeste;MT;Nova Xavantina;0;0;1;0;0
2024;322;1131979;Gestão Da Tecnologia Da Informação;06;Computação e Tecnologias da Informação e Comunicação (TIC);Gestão da tecnologia da informação;3;2;2;Centro-Oeste;MT;Nova Xavantina;0;0;0;0;0
2024;322;1286800;Análise E Desenvolvimento De Sistemas;06;Computação e Tecnologias da Informação e Comunicação (TIC);Sistemas de informação;3;2;2;Centro-Oeste;MT;Poconé;0;0;1;1;0
2024;322;1131979;Gestão Da Tecnologia Da Informação;06;Computação e Tecnologias da Informação e Comunicação (TIC);Gestão da tecnologia da informação;3;2;2;Centro-Oeste;MT;Poconé;0;0;2;2;0
2024;322;1484730;Segurança Da Informação;06;Computação e Tecnologias da Informação e Comunicação (TIC);Segurança da informação;3;2;2;Centro-Oeste;MT;Poconé;0;0;1;0;0
2024;322;1131979;Gestão Da Tecnologia Da Informação;06;Computação e Tecnologias da Informação e Comunicação (TIC);Gestão da tecnologia da informação;3;2;2;Centro-Oeste;MT;Pontes e Lacerda;0;0;0;1;0
2024;322;1484730;Segurança Da Informação;06;Computação e Tecnologias da Informação e Comunicação (TIC);Segurança da informação;3;2;2;Centro-Oeste;MT;Pontes e Lacerda;0;0;0;3;2
2024;322;1286800;Análise E Desenvolvimento De Sistemas;06;Computação e Tecnologias da Informação e Comunicação (TIC);Sistemas de informação;3;2;2;Centro-Oeste;MT;Sorriso;0;0;1;2;1
2024;322;1131979;Gestão Da Tecnologia Da Informação;06;Computação e Tecnologias da Informação e Comunicação (TIC);Gestão da tecnologia da informação;3;2;2;Centro-Oeste;MT;Sorriso;0;0;0;0;0
2024;322;1484730;Segurança Da Informação;06;Computação e Tecnologias da Informação e Comunicação (TIC);Segurança da informação;3;2;2;Centro-Oeste;MT;Sorriso;0;0;0;0;0
2024;322;1286800;Análise E Desenvolvimento De Sistemas;06;Computação e Tecnologias da Informação e Comunicação (TIC);Sistemas de informação;3;2;2;Centro-Oeste;MT;São Félix do Araguaia;0;0;2;2;0
2024;322;1551097;Ciência Da Computação;06;Computação e Tecnologias da Informação e Comunicação (TIC);Ciência da computação;1;2;2;Centro-Oeste;MT;São Félix do Araguaia;0;0;0;1;0
2024;322;1131979;Gestão Da Tecnologia Da Informação;06;Computação e Tecnologias da Informação e Comunicação (TIC);Gestão da tecnologia da informação;3;2;2;Centro-Oeste;MT;São Félix do Araguaia;0;0;1;1;0
2024;322;1484730;Segurança Da Informação;06;Computação e Tecnologias da Informação e Comunicação (TIC);Segurança da informação;3;2;2;Centro-Oeste;MT;São Félix do Araguaia;0;0;1;0;0
2024;322;1551097;Ciência Da Computação;06;Computação e Tecnologias da Informação e Comunicação (TIC);Ciência da computação;1;2;2;Centro-Oeste;MT;Tangará da Serra;0;0;0;0;0
2024;322;1382607;Redes De Computadores;06;Computação e Tecnologias da Informação e Comunicação (TIC);Redes de computadores;3;2;2;Centro-Oeste;MT;Tangará da Serra;0;0;0;1;0
2024;322;1286800;Análise E Desenvolvimento De Sistemas;06;Computação e Tecnologias da Informação e Comunicação (TIC);Sistemas de informação;3;2;2;Centro-Oeste;MT;Várzea Grande;0;0;0;0;0
2024;322;1382607;Redes De Computadores;06;Computação e Tecnologias da Informação e Comunicação (TIC);Redes de computadores;3;2;2;Centro-Oeste;MT;Várzea Grande;0;0;0;0;0
2024;322;1286800;Análise E Desenvolvimento De Sistemas;06;Computação e Tecnologias da Informação e Comunicação (TIC);Sistemas de informação;3;2;2;Centro-Oeste;MT;Água Boa;0;0;2;2;0
2024;322;1551097;Ciência Da Computação;06;Computação e Tecnologias da Informação e Comunicação (TIC);Ciência da computação;1;2;2;Centro-Oeste;MT;Água Boa;0;0;2;3;0
2024;322;1131979;Gestão Da Tecnologia Da Informação;06;Computação e Tecnologias da Informação e Comunicação (TIC);Gestão da tecnologia da informação;3;2;2;Centro-Oeste;MT;Água Boa;0;0;1;1;0
2024;322;1484730;Segurança Da Informação;06;Computação e Tecnologias da Informação e Comunicação (TIC);Segurança da informação;3;2;2;Centro-Oeste;MT;Água Boa;0;0;0;1;0
2024;322;1286800;Análise E Desenvolvimento De Sistemas;06;Computação e Tecnologias da Informação e Comunicação (TIC);Sistemas de informação;3;2;2;Centro-Oeste;MS;Amambai;0;0;2;2;0
2024;322;1551097;Ciência Da Computação;06;Computação e Tecnologias da Informação e Comunicação (TIC);Ciência da computação;1;2;2;Centro-Oeste;MS;Amambai;0;0;1;0;0
2024;322;1131979;Gestão Da Tecnologia Da Informação;06;Computação e Tecnologias da Informação e Comunicação (TIC);Gestão da tecnologia da informação;3;2;2;Centro-Oeste;MS;Amambai;0;0;0;1;0
2024;322;1286800;Análise E Desenvolvimento De Sistemas;06;Computação e Tecnologias da Informação e Comunicação (TIC);Sistemas de informação;3;2;2;Centro-Oeste;MS;Aparecida do Taboado;0;0;1;1;0
2024;322;1286800;Análise E Desenvolvimento De Sistemas;06;Computação e Tecnologias da Informação e Comunicação (TIC);Sistemas de informação;3;2;2;Centro-Oeste;MS;Campo Grande;0;0;3;2;0
2024;322;1551097;Ciência Da Computação;06;Computação e Tecnologias da Informação e Comunicação (TIC);Ciência da computação;1;2;2;Centro-Oeste;MS;Campo Grande;0;0;4;2;0
2024;322;1131979;Gestão Da Tecnologia Da Informação;06;Computação e Tecnologias da Informação e Comunicação (TIC);Gestão da tecnologia da informação;3;2;2;Centro-Oeste;MS;Campo Grande;0;0;2;1;1
2024;322;1382607;Redes De Computadores;06;Computação e Tecnologias da Informação e Comunicação (TIC);Redes de computadores;3;2;2;Centro-Oeste;MS;Campo Grande;0;0;2;3;0
2024;322;1484730;Segurança Da Informação;06;Computação e Tecnologias da Informação e Comunicação (TIC);Segurança da informação;3;2;2;Centro-Oeste;MS;Campo Grande;0;0;1;3;1
2024;322;1286800;Análise E Desenvolvimento De Sistemas;06;Computação e Tecnologias da Informação e Comunicação (TIC);Sistemas de informação;3;2;2;Centro-Oeste;MS;Dourados;0;0;4;4;0
2024;322;1131979;Gestão Da Tecnologia Da Informação;06;Computação e Tecnologias da Informação e Comunicação (TIC);Gestão da tecnologia da informação;3;2;2;Centro-Oeste;MS;Dourados;0;0;2;1;0
2024;322;1382607;Redes De Computadores;06;Computação e Tecnologias da Informação e Comunicação (TIC);Redes de computadores;3;2;2;Centro-Oeste;MS;Jardim;0;0;0;0;0
2024;322;1484730;Segurança Da Informação;06;Computação e Tecnologias da Informação e Comunicação (TIC);Segurança da informação;3;2;2;Centro-Oeste;MS;Jardim;0;0;1;1;0
2024;322;1286800;Análise E Desenvolvimento De Sistemas;06;Computação e Tecnologias da Informação e Comunicação (TIC);Sistemas de informação;3;2;2;Centro-Oeste;MS;Maracaju;0;0;1;0;0
2024;322;1551097;Ciência Da Computação;06;Computação e Tecnologias da Informação e Comunicação (TIC);Ciência da computação;1;2;2;Centro-Oeste;MS;Maracaju;0;0;0;0;0
2024;322;1484730;Segurança Da Informação;06;Computação e Tecnologias da Informação e Comunicação (TIC);Segurança da informação;3;2;2;Centro-Oeste;MS;Maracaju;0;0;1;1;0
2024;322;1286800;Análise E Desenvolvimento De Sistemas;06;Computação e Tecnologias da Informação e Comunicação (TIC);Sistemas de informação;3;2;2;Centro-Oeste;MS;Nova Alvorada do Sul;0;0;0;1;0
2024;322;1131979;Gestão Da Tecnologia Da Informação;06;Computação e Tecnologias da Informação e Comunicação (TIC);Gestão da tecnologia da informação;3;2;2;Centro-Oeste;MS;Nova Alvorada do Sul;0;0;0;0;0
2024;322;1286800;Análise E Desenvolvimento De Sistemas;06;Computação e Tecnologias da Informação e Comunicação (TIC);Sistemas de informação;3;2;2;Centro-Oeste;MS;Ponta Porã;0;0;0;0;0
2024;322;1131979;Gestão Da Tecnologia Da Informação;06;Computação e Tecnologias da Informação e Comunicação (TIC);Gestão da tecnologia da informação;3;2;2;Centro-Oeste;MS;Ponta Porã;0;0;0;0;0
2024;322;1286800;Análise E Desenvolvimento De Sistemas;06;Computação e Tecnologias da Informação e Comunicação (TIC);Sistemas de informação;3;2;2;Centro-Oeste;MS;Três Lagoas;0;0;3;2;0
2024;322;1551097;Ciência Da Computação;06;Computação e Tecnologias da Informação e Comunicação (TIC);Ciência da computação;1;2;2;Centro-Oeste;MS;Três Lagoas;0;0;0;0;0
2024;322;1131979;Gestão Da Tecnologia Da Informação;06;Computação e Tecnologias da Informação e Comunicação (TIC);Gestão da tecnologia da informação;3;2;2;Centro-Oeste;MS;Três Lagoas;0;0;1;1;0
2024;322;1382607;Redes De Computadores;06;Computação e Tecnologias da Informação e Comunicação (TIC);Redes de computadores;3;2;2;Centro-Oeste;MS;Três Lagoas;0;0;0;0;0
2024;322;1484730;Segurança Da Informação;06;Computação e Tecnologias da Informação e Comunicação (TIC);Segurança da informação;3;2;2;Centro-Oeste;MS;Três Lagoas;0;0;0;0;0
2024;322;1551097;Ciência Da Computação;06;Computação e Tecnologias da Informação e Comunicação (TIC);Ciência da computação;1;2;2;Nordeste;AL;Arapiraca;0;0;2;0;0
2024;322;1286800;Análise E Desenvolvimento De Sistemas;06;Computação e Tecnologias da Informação e Comunicação (TIC);Sistemas de informação;3;2;2;Nordeste;AL;Maceió;0;0;4;2;0
2024;322;1131979;Gestão Da Tecnologia Da Informação;06;Computação e Tecnologias da Informação e Comunicação (TIC);Gestão da tecnologia da informação;3;2;2;Nordeste;AL;Maceió;0;0;0;0;0
2024;322;1382607;Redes De Computadores;06;Computação e Tecnologias da Informação e Comunicação (TIC);Redes de computadores;3;2;2;Nordeste;AL;Maceió;0;0;1;2;0
2024;322;1484730;Segurança Da Informação;06;Computação e Tecnologias da Informação e Comunicação (TIC);Segurança da informação;3;2;2;Nordeste;AL;Maceió;0;0;2;0;0
2024;322;1286800;Análise E Desenvolvimento De Sistemas;06;Computação e Tecnologias da Informação e Comunicação (TIC);Sistemas de informação;3;2;2;Nordeste;AL;Palmeira dos Índios;0;0;0;0;0
2024;322;1551097;Ciência Da Computação;06;Computação e Tecnologias da Informação e Comunicação (TIC);Ciência da computação;1;2;2;Nordeste;AL;Palmeira dos Índios;0;0;0;0;0
2024;322;1131979;Gestão Da Tecnologia Da Informação;06;Computação e Tecnologias da Informação e Comunicação (TIC);Gestão da tecnologia da informação;3;2;2;Nordeste;AL;Palmeira dos Índios;0;0;0;0;0
2024;322;1286800;Análise E Desenvolvimento De Sistemas;06;Computação e Tecnologias da Informação e Comunicação (TIC);Sistemas de informação;3;2;2;Nordeste;AL;São Miguel dos Campos;0;0;0;0;0
2024;322;1286800;Análise E Desenvolvimento De Sistemas;06;Computação e Tecnologias da Informação e Comunicação (TIC);Sistemas de informação;3;2;2;Nordeste;BA;Barreiras;0;0;1;0;0
2024;322;1551097;Ciência Da Computação;06;Computação e Tecnologias da Informação e Comunicação (TIC);Ciência da computação;1;2;2;Nordeste;BA;Barreiras;0;0;1;2;0
2024;322;1286800;Análise E Desenvolvimento De Sistemas;06;Computação e Tecnologias da Informação e Comunicação (TIC);Sistemas de informação;3;2;2;Nordeste;BA;Bom Jesus da Lapa;0;0;0;1;1
2024;322;1382607;Redes De Computadores;06;Computação e Tecnologias da Informação e Comunicação (TIC);Redes de computadores;3;2;2;Nordeste;BA;Bom Jesus da Lapa;0;0;0;1;0
2024;322;1551097;Ciência Da Computação;06;Computação e Tecnologias da Informação e Comunicação (TIC);Ciência da computação;1;2;2;Nordeste;BA;Caldeirão Grande;0;0;0;1;0
2024;322;1286800;Análise E Desenvolvimento De Sistemas;06;Computação e Tecnologias da Informação e Comunicação (TIC);Sistemas de informação;3;2;2;Nordeste;BA;Coronel João Sá;0;0;0;0;0
2024;322;1286800;Análise E Desenvolvimento De Sistemas;06;Computação e Tecnologias da Informação e Comunicação (TIC);Sistemas de informação;3;2;2;Nordeste;BA;Correntina;0;0;1;2;1
2024;322;1551097;Ciência Da Computação;06;Computação e Tecnologias da Informação e Comunicação (TIC);Ciência da computação;1;2;2;Nordeste;BA;Correntina;0;0;1;1;0
2024;322;1382607;Redes De Computadores;06;Computação e Tecnologias da Informação e Comunicação (TIC);Redes de computadores;3;2;2;Nordeste;BA;Correntina;0;0;0;1;0
2024;322;1286800;Análise E Desenvolvimento De Sistemas;06;Computação e Tecnologias da Informação e Comunicação (TIC);Sistemas de informação;3;2;2;Nordeste;BA;Cruz das Almas;0;0;0;4;4
2024;322;1551097;Ciência Da Computação;06;Computação e Tecnologias da Informação e Comunicação (TIC);Ciência da computação;1;2;2;Nordeste;BA;Cruz das Almas;0;0;1;0;0
2024;322;1131979;Gestão Da Tecnologia Da Informação;06;Computação e Tecnologias da Informação e Comunicação (TIC);Gestão da tecnologia da informação;3;2;2;Nordeste;BA;Cruz das Almas;0;0;0;0;0
2024;322;1382607;Redes De Computadores;06;Computação e Tecnologias da Informação e Comunicação (TIC);Redes de computadores;3;2;2;Nordeste;BA;Cruz das Almas;0;0;1;0;0
2024;322;1382607;Redes De Computadores;06;Computação e Tecnologias da Informação e Comunicação (TIC);Redes de computadores;3;2;2;Nordeste;BA;Formosa do Rio Preto;0;0;0;1;0
2024;322;1286800;Análise E Desenvolvimento De Sistemas;06;Computação e Tecnologias da Informação e Comunicação (TIC);Sistemas de informação;3;2;2;Nordeste;BA;Guanambi;0;0;0;1;0
2024;322;1484730;Segurança Da Informação;06;Computação e Tecnologias da Informação e Comunicação (TIC);Segurança da informação;3;2;2;Nordeste;BA;Guanambi;0;0;0;0;0
2024;322;1551097;Ciência Da Computação;06;Computação e Tecnologias da Informação e Comunicação (TIC);Ciência da computação;1;2;2;Nordeste;BA;Irecê;0;0;0;0;0
2024;322;1131979;Gestão Da Tecnologia Da Informação;06;Computação e Tecnologias da Informação e Comunicação (TIC);Gestão da tecnologia da informação;3;2;2;Nordeste;BA;Juazeiro;0;0;0;1;0
2024;322;1551097;Ciência Da Computação;06;Computação e Tecnologias da Informação e Comunicação (TIC);Ciência da computação;1;2;2;Nordeste;BA;Lauro de Freitas;0;0;0;0;0
2024;322;1131979;Gestão Da Tecnologia Da Informação;06;Computação e Tecnologias da Informação e Comunicação (TIC);Gestão da tecnologia da informação;3;2;2;Nordeste;BA;Lauro de Freitas;0;0;0;0;0
2024;322;1382607;Redes De Computadores;06;Computação e Tecnologias da Informação e Comunicação (TIC);Redes de computadores;3;2;2;Nordeste;BA;Lauro de Freitas;0;0;0;0;0
2024;322;1286800;Análise E Desenvolvimento De Sistemas;06;Computação e Tecnologias da Informação e Comunicação (TIC);Sistemas de informação;3;2;2;Nordeste;BA;Livramento de Nossa Senhora;0;0;2;5;0
2024;322;1551097;Ciência Da Computação;06;Computação e Tecnologias da Informação e Comunicação (TIC);Ciência da computação;1;2;2;Nordeste;BA;Livramento de Nossa Senhora;0;0;2;1;0
2024;322;1131979;Gestão Da Tecnologia Da Informação;06;Computação e Tecnologias da Informação e Comunicação (TIC);Gestão da tecnologia da informação;3;2;2;Nordeste;BA;Livramento de Nossa Senhora;0;0;1;3;2
2024;322;1286800;Análise E Desenvolvimento De Sistemas;06;Computação e Tecnologias da Informação e Comunicação (TIC);Sistemas de informação;3;2;2;Nordeste;BA;Luís Eduardo Magalhães;0;0;1;0;0
2024;322;1551097;Ciência Da Computação;06;Computação e Tecnologias da Informação e Comunicação (TIC);Ciência da computação;1;2;2;Nordeste;BA;Luís Eduardo Magalhães;0;0;0;0;0
2024;322;1286800;Análise E Desenvolvimento De Sistemas;06;Computação e Tecnologias da Informação e Comunicação (TIC);Sistemas de informação;3;2;2;Nordeste;BA;Macaúbas;0;0;0;2;2
2024;322;1484730;Segurança Da Informação;06;Computação e Tecnologias da Informação e Comunicação (TIC);Segurança da informação;3;2;2;Nordeste;BA;Macaúbas;0;0;0;0;0
2024;322;1286800;Análise E Desenvolvimento De Sistemas;06;Computação e Tecnologias da Informação e Comunicação (TIC);Sistemas de informação;3;2;2;Nordeste;BA;Morro do Chapéu;0;0;0;1;1
2024;322;1551097;Ciência Da Computação;06;Computação e Tecnologias da Informação e Comunicação (TIC);Ciência da computação;1;2;2;Nordeste;BA;Morro do Chapéu;0;0;1;0;0
2024;322;1131979;Gestão Da Tecnologia Da Informação;06;Computação e Tecnologias da Informação e Comunicação (TIC);Gestão da tecnologia da informação;3;2;2;Nordeste;BA;Morro do Chapéu;0;0;2;1;0
2024;322;1484730;Segurança Da Informação;06;Computação e Tecnologias da Informação e Comunicação (TIC);Segurança da informação;3;2;2;Nordeste;BA;Morro do Chapéu;0;0;0;0;0
2024;322;1286800;Análise E Desenvolvimento De Sistemas;06;Computação e Tecnologias da Informação e Comunicação (TIC);Sistemas de informação;3;2;2;Nordeste;BA;Pilão Arcado;0;0;0;0;0
2024;322;1382607;Redes De Computadores;06;Computação e Tecnologias da Informação e Comunicação (TIC);Redes de computadores;3;2;2;Nordeste;BA;Pilão Arcado;0;0;0;1;0
2024;322;1484730;Segurança Da Informação;06;Computação e Tecnologias da Informação e Comunicação (TIC);Segurança da informação;3;2;2;Nordeste;BA;Pilão Arcado;0;0;0;1;0
2024;322;1131979;Gestão Da Tecnologia Da Informação;06;Computação e Tecnologias da Informação e Comunicação (TIC);Gestão da tecnologia da informação;3;2;2;Nordeste;BA;Porto Seguro;0;0;0;0;0
2024;322;1286800;Análise E Desenvolvimento De Sistemas;06;Computação e Tecnologias da Informação e Comunicação (TIC);Sistemas de informação;3;2;2;Nordeste;BA;Salvador;0;0;2;9;3
2024;322;1551097;Ciência Da Computação;06;Computação e Tecnologias da Informação e Comunicação (TIC);Ciência da computação;1;2;2;Nordeste;BA;Salvador;0;0;1;2;0
2024;322;1131979;Gestão Da Tecnologia Da Informação;06;Computação e Tecnologias da Informação e Comunicação (TIC);Gestão da tecnologia da informação;3;2;2;Nordeste;BA;Salvador;0;0;0;2;1
2024;322;1382607;Redes De Computadores;06;Computação e Tecnologias da Informação e Comunicação (TIC);Redes de computadores;3;2;2;Nordeste;BA;Salvador;0;0;1;6;1
2024;322;1484730;Segurança Da Informação;06;Computação e Tecnologias da Informação e Comunicação (TIC);Segurança da informação;3;2;2;Nordeste;BA;Salvador;0;0;0;0;0
2024;322;1286800;Análise E Desenvolvimento De Sistemas;06;Computação e Tecnologias da Informação e Comunicação (TIC);Sistemas de informação;3;2;2;Nordeste;BA;Santa Maria da Vitória;0;0;2;5;1
2024;322;1551097;Ciência Da Computação;06;Computação e Tecnologias da Informação e Comunicação (TIC);Ciência da computação;1;2;2;Nordeste;BA;Santa Maria da Vitória;0;0;2;2;0
2024;322;1131979;Gestão Da Tecnologia Da Informação;06;Computação e Tecnologias da Informação e Comunicação (TIC);Gestão da tecnologia da informação;3;2;2;Nordeste;BA;Santa Maria da Vitória;0;0;2;2;0
2024;322;1382607;Redes De Computadores;06;Computação e Tecnologias da Informação e Comunicação (TIC);Redes de computadores;3;2;2;Nordeste;BA;Santa Maria da Vitória;0;0;1;2;0
2024;322;1131979;Gestão Da Tecnologia Da Informação;06;Computação e Tecnologias da Informação e Comunicação (TIC);Gestão da tecnologia da informação;3;2;2;Nordeste;BA;Seabra;0;0;0;0;0
2024;322;1286800;Análise E Desenvolvimento De Sistemas;06;Computação e Tecnologias da Informação e Comunicação (TIC);Sistemas de informação;3;2;2;Nordeste;BA;Serrinha;0;0;0;1;1
2024;322;1382607;Redes De Computadores;06;Computação e Tecnologias da Informação e Comunicação (TIC);Redes de computadores;3;2;2;Nordeste;BA;Serrinha;0;0;0;1;0
2024;322;1484730;Segurança Da Informação;06;Computação e Tecnologias da Informação e Comunicação (TIC);Segurança da informação;3;2;2;Nordeste;BA;Serrinha;0;0;0;1;0
2024;322;1286800;Análise E Desenvolvimento De Sistemas;06;Computação e Tecnologias da Informação e Comunicação (TIC);Sistemas de informação;3;2;2;Nordeste;BA;Teixeira de Freitas;0;0;0;1;0
2024;322;1286800;Análise E Desenvolvimento De Sistemas;06;Computação e Tecnologias da Informação e Comunicação (TIC);Sistemas de informação;3;2;2;Nordeste;BA;Xique-Xique;0;0;0;0;0
2024;322;1286800;Análise E Desenvolvimento De Sistemas;06;Computação e Tecnologias da Informação e Comunicação (TIC);Sistemas de informação;3;2;2;Nordeste;CE;Brejo Santo;0;0;0;0;0
2024;322;1382607;Redes De Computadores;06;Computação e Tecnologias da Informação e Comunicação (TIC);Redes de computadores;3;2;2;Nordeste;CE;Brejo Santo;0;0;0;1;0
2024;322;1484730;Segurança Da Informação;06;Computação e Tecnologias da Informação e Comunicação (TIC);Segurança da informação;3;2;2;Nordeste;CE;Brejo Santo;0;0;0;1;0
2024;322;1286800;Análise E Desenvolvimento De Sistemas;06;Computação e Tecnologias da Informação e Comunicação (TIC);Sistemas de informação;3;2;2;Nordeste;CE;Campos Sales;0;0;2;1;0
2024;322;1551097;Ciência Da Computação;06;Computação e Tecnologias da Informação e Comunicação (TIC);Ciência da computação;1;2;2;Nordeste;CE;Campos Sales;0;0;2;1;0
2024;322;1382607;Redes De Computadores;06;Computação e Tecnologias da Informação e Comunicação (TIC);Redes de computadores;3;2;2;Nordeste;CE;Campos Sales;0;0;1;3;1
2024;322;1484730;Segurança Da Informação;06;Computação e Tecnologias da Informação e Comunicação (TIC);Segurança da informação;3;2;2;Nordeste;CE;Campos Sales;0;0;0;0;0
2024;322;1551097;Ciência Da Computação;06;Computação e Tecnologias da Informação e Comunicação (TIC);Ciência da computação;1;2;2;Nordeste;CE;Cascavel;0;0;2;2;0
2024;322;1131979;Gestão Da Tecnologia Da Informação;06;Computação e Tecnologias da Informação e Comunicação (TIC);Gestão da tecnologia da informação;3;2;2;Nordeste;CE;Cascavel;0;0;0;2;0
2024;322;1286800;Análise E Desenvolvimento De Sistemas;06;Computação e Tecnologias da Informação e Comunicação (TIC);Sistemas de informação;3;2;2;Nordeste;CE;Fortaleza;0;0;2;5;0
2024;322;1551097;Ciência Da Computação;06;Computação e Tecnologias da Informação e Comunicação (TIC);Ciência da computação;1;2;2;Nordeste;CE;Fortaleza;0;0;1;1;0
2024;322;1131979;Gestão Da Tecnologia Da Informação;06;Computação e Tecnologias da Informação e Comunicação (TIC);Gestão da tecnologia da informação;3;2;2;Nordeste;CE;Fortaleza;0;0;39;112;18
2024;322;1382607;Redes De Computadores;06;Computação e Tecnologias da Informação e Comunicação (TIC);Redes de computadores;3;2;2;Nordeste;CE;Fortaleza;0;0;1;5;2
2024;322;1484730;Segurança Da Informação;06;Computação e Tecnologias da Informação e Comunicação (TIC);Segurança da informação;3;2;2;Nordeste;CE;Fortaleza;0;0;1;0;0
2024;322;1382607;Redes De Computadores;06;Computação e Tecnologias da Informação e Comunicação (TIC);Redes de computadores;3;2;2;Nordeste;CE;Horizonte;0;0;0;0;0
2024;322;1286800;Análise E Desenvolvimento De Sistemas;06;Computação e Tecnologias da Informação e Comunicação (TIC);Sistemas de informação;3;2;2;Nordeste;CE;Juazeiro do Norte;0;0;3;3;1
2024;322;1551097;Ciência Da Computação;06;Computação e Tecnologias da Informação e Comunicação (TIC);Ciência da computação;1;2;2;Nordeste;CE;Juazeiro do Norte;0;0;3;5;0
2024;322;1382607;Redes De Computadores;06;Computação e Tecnologias da Informação e Comunicação (TIC);Redes de computadores;3;2;2;Nordeste;CE;Juazeiro do Norte;0;0;0;0;0
2024;322;1382607;Redes De Computadores;06;Computação e Tecnologias da Informação e Comunicação (TIC);Redes de computadores;3;2;2;Nordeste;CE;Paraipaba;0;0;0;0;0
2024;322;1286800;Análise E Desenvolvimento De Sistemas;06;Computação e Tecnologias da Informação e Comunicação (TIC);Sistemas de informação;3;2;2;Nordeste;MA;Bacabal;0;0;0;0;0
2024;322;1382607;Redes De Computadores;06;Computação e Tecnologias da Informação e Comunicação (TIC);Redes de computadores;3;2;2;Nordeste;MA;Balsas;0;0;0;0;0
2024;322;1286800;Análise E Desenvolvimento De Sistemas;06;Computação e Tecnologias da Informação e Comunicação (TIC);Sistemas de informação;3;2;2;Nordeste;MA;Caxias;0;0;0;1;1
2024;322;1131979;Gestão Da Tecnologia Da Informação;06;Computação e Tecnologias da Informação e Comunicação (TIC);Gestão da tecnologia da informação;3;2;2;Nordeste;MA;Caxias;0;0;0;1;1
2024;322;1382607;Redes De Computadores;06;Computação e Tecnologias da Informação e Comunicação (TIC);Redes de computadores;3;2;2;Nordeste;MA;Caxias;0;0;0;0;0
2024;322;1286800;Análise E Desenvolvimento De Sistemas;06;Computação e Tecnologias da Informação e Comunicação (TIC);Sistemas de informação;3;2;2;Nordeste;MA;São Luís;0;0;1;0;0
2024;322;1551097;Ciência Da Computação;06;Computação e Tecnologias da Informação e Comunicação (TIC);Ciência da computação;1;2;2;Nordeste;MA;São Luís;0;0;1;0;0
2024;322;1131979;Gestão Da Tecnologia Da Informação;06;Computação e Tecnologias da Informação e Comunicação (TIC);Gestão da tecnologia da informação;3;2;2;Nordeste;MA;São Luís;0;0;0;0;0
2024;322;1382607;Redes De Computadores;06;Computação e Tecnologias da Informação e Comunicação (TIC);Redes de computadores;3;2;2;Nordeste;MA;São Luís;0;0;0;2;1
2024;322;1484730;Segurança Da Informação;06;Computação e Tecnologias da Informação e Comunicação (TIC);Segurança da informação;3;2;2;Nordeste;MA;São Luís;0;0;0;0;0
2024;322;1286800;Análise E Desenvolvimento De Sistemas;06;Computação e Tecnologias da Informação e Comunicação (TIC);Sistemas de informação;3;2;2;Nordeste;PB;Cajazeiras;0;0;6;7;0
2024;322;1551097;Ciência Da Computação;06;Computação e Tecnologias da Informação e Comunicação (TIC);Ciência da computação;1;2;2;Nordeste;PB;Cajazeiras;0;0;1;0;0
2024;322;1131979;Gestão Da Tecnologia Da Informação;06;Computação e Tecnologias da Informação e Comunicação (TIC);Gestão da tecnologia da informação;3;2;2;Nordeste;PB;Cajazeiras;0;0;0;0;0
2024;322;1382607;Redes De Computadores;06;Computação e Tecnologias da Informação e Comunicação (TIC);Redes de computadores;3;2;2;Nordeste;PB;Cajazeiras;0;0;0;1;0
2024;322;1484730;Segurança Da Informação;06;Computação e Tecnologias da Informação e Comunicação (TIC);Segurança da informação;3;2;2;Nordeste;PB;Cajazeiras;0;0;0;1;0
2024;322;1286800;Análise E Desenvolvimento De Sistemas;06;Computação e Tecnologias da Informação e Comunicação (TIC);Sistemas de informação;3;2;2;Nordeste;PB;Catolé do Rocha;0;0;0;0;0
2024;322;1551097;Ciência Da Computação;06;Computação e Tecnologias da Informação e Comunicação (TIC);Ciência da computação;1;2;2;Nordeste;PB;Catolé do Rocha;0;0;0;1;0
2024;322;1551097;Ciência Da Computação;06;Computação e Tecnologias da Informação e Comunicação (TIC);Ciência da computação;1;2;2;Nordeste;PB;Coremas;0;0;1;1;0
2024;322;1286800;Análise E Desenvolvimento De Sistemas;06;Computação e Tecnologias da Informação e Comunicação (TIC);Sistemas de informação;3;2;2;Nordeste;PB;Guarabira;0;0;0;2;0
2024;322;1551097;Ciência Da Computação;06;Computação e Tecnologias da Informação e Comunicação (TIC);Ciência da computação;1;2;2;Nordeste;PB;Guarabira;0;0;0;0;0
2024;322;1131979;Gestão Da Tecnologia Da Informação;06;Computação e Tecnologias da Informação e Comunicação (TIC);Gestão da tecnologia da informação;3;2;2;Nordeste;PB;Guarabira;0;0;2;1;0
2024;322;1484730;Segurança Da Informação;06;Computação e Tecnologias da Informação e Comunicação (TIC);Segurança da informação;3;2;2;Nordeste;PB;Guarabira;0;0;0;0;0
2024;322;1286800;Análise E Desenvolvimento De Sistemas;06;Computação e Tecnologias da Informação e Comunicação (TIC);Sistemas de informação;3;2;2;Nordeste;PB;Itaporanga;0;0;6;9;1
2024;322;1131979;Gestão Da Tecnologia Da Informação;06;Computação e Tecnologias da Informação e Comunicação (TIC);Gestão da tecnologia da informação;3;2;2;Nordeste;PB;Itaporanga;0;0;0;1;1
2024;322;1382607;Redes De Computadores;06;Computação e Tecnologias da Informação e Comunicação (TIC);Redes de computadores;3;2;2;Nordeste;PB;Itaporanga;0;0;1;1;0
2024;322;1484730;Segurança Da Informação;06;Computação e Tecnologias da Informação e Comunicação (TIC);Segurança da informação;3;2;2;Nordeste;PB;Itaporanga;0;0;0;2;1
2024;322;1286800;Análise E Desenvolvimento De Sistemas;06;Computação e Tecnologias da Informação e Comunicação (TIC);Sistemas de informação;3;2;2;Nordeste;PB;João Pessoa;0;0;8;14;3
2024;322;1551097;Ciência Da Computação;06;Computação e Tecnologias da Informação e Comunicação (TIC);Ciência da computação;1;2;2;Nordeste;PB;João Pessoa;0;0;3;4;1
2024;322;1131979;Gestão Da Tecnologia Da Informação;06;Computação e Tecnologias da Informação e Comunicação (TIC);Gestão da tecnologia da informação;3;2;2;Nordeste;PB;João Pessoa;0;0;0;1;0
2024;322;1382607;Redes De Computadores;06;Computação e Tecnologias da Informação e Comunicação (TIC);Redes de computadores;3;2;2;Nordeste;PB;João Pessoa;0;0;2;2;0
2024;322;1484730;Segurança Da Informação;06;Computação e Tecnologias da Informação e Comunicação (TIC);Segurança da informação;3;2;2;Nordeste;PB;João Pessoa;0;0;1;2;0
2024;322;1286800;Análise E Desenvolvimento De Sistemas;06;Computação e Tecnologias da Informação e Comunicação (TIC);Sistemas de informação;3;2;2;Nordeste;PB;Patos;0;0;5;4;0
2024;322;1551097;Ciência Da Computação;06;Computação e Tecnologias da Informação e Comunicação (TIC);Ciência da computação;1;2;2;Nordeste;PB;Patos;0;0;0;0;0
2024;322;1382607;Redes De Computadores;06;Computação e Tecnologias da Informação e Comunicação (TIC);Redes de computadores;3;2;2;Nordeste;PB;Patos;0;0;1;0;0
2024;322;1286800;Análise E Desenvolvimento De Sistemas;06;Computação e Tecnologias da Informação e Comunicação (TIC);Sistemas de informação;3;2;2;Nordeste;PB;Piancó;0;0;1;1;0
2024;322;1551097;Ciência Da Computação;06;Computação e Tecnologias da Informação e Comunicação (TIC);Ciência da computação;1;2;2;Nordeste;PB;Piancó;0;0;1;2;0
2024;322;1131979;Gestão Da Tecnologia Da Informação;06;Computação e Tecnologias da Informação e Comunicação (TIC);Gestão da tecnologia da informação;3;2;2;Nordeste;PB;Piancó;0;0;2;1;0
2024;322;1382607;Redes De Computadores;06;Computação e Tecnologias da Informação e Comunicação (TIC);Redes de computadores;3;2;2;Nordeste;PB;Piancó;0;0;1;0;0
2024;322;1131979;Gestão Da Tecnologia Da Informação;06;Computação e Tecnologias da Informação e Comunicação (TIC);Gestão da tecnologia da informação;3;2;2;Nordeste;PB;Princesa Isabel;0;0;1;0;0
2024;322;1382607;Redes De Computadores;06;Computação e Tecnologias da Informação e Comunicação (TIC);Redes de computadores;3;2;2;Nordeste;PB;Princesa Isabel;0;0;1;1;0
2024;322;1484730;Segurança Da Informação;06;Computação e Tecnologias da Informação e Comunicação (TIC);Segurança da informação;3;2;2;Nordeste;PB;Princesa Isabel;0;0;0;0;0
2024;322;1286800;Análise E Desenvolvimento De Sistemas;06;Computação e Tecnologias da Informação e Comunicação (TIC);Sistemas de informação;3;2;2;Nordeste;PB;Queimadas;0;0;1;1;1
2024;322;1551097;Ciência Da Computação;06;Computação e Tecnologias da Informação e Comunicação (TIC);Ciência da computação;1;2;2;Nordeste;PB;Queimadas;0;0;0;1;0
2024;322;1131979;Gestão Da Tecnologia Da Informação;06;Computação e Tecnologias da Informação e Comunicação (TIC);Gestão da tecnologia da informação;3;2;2;Nordeste;PB;Queimadas;0;0;1;0;0
2024;322;1484730;Segurança Da Informação;06;Computação e Tecnologias da Informação e Comunicação (TIC);Segurança da informação;3;2;2;Nordeste;PB;Queimadas;0;0;0;0;0
2024;322;1286800;Análise E Desenvolvimento De Sistemas;06;Computação e Tecnologias da Informação e Comunicação (TIC);Sistemas de informação;3;2;2;Nordeste;PB;Sousa;0;0;3;2;0
2024;322;1551097;Ciência Da Computação;06;Computação e Tecnologias da Informação e Comunicação (TIC);Ciência da computação;1;2;2;Nordeste;PB;Sousa;0;0;2;4;0
2024;322;1382607;Redes De Computadores;06;Computação e Tecnologias da Informação e Comunicação (TIC);Redes de computadores;3;2;2;Nordeste;PB;Sousa;0;0;1;0;0
2024;322;1484730;Segurança Da Informação;06;Computação e Tecnologias da Informação e Comunicação (TIC);Segurança da informação;3;2;2;Nordeste;PB;Sousa;0;0;1;2;0
2024;322;1286800;Análise E Desenvolvimento De Sistemas;06;Computação e Tecnologias da Informação e Comunicação (TIC);Sistemas de informação;3;2;2;Nordeste;PB;Água Branca;0;0;0;1;0
2024;322;1131979;Gestão Da Tecnologia Da Informação;06;Computação e Tecnologias da Informação e Comunicação (TIC);Gestão da tecnologia da informação;3;2;2;Nordeste;PB;Água Branca;0;0;2;0;0
2024;322;1286800;Análise E Desenvolvimento De Sistemas;06;Computação e Tecnologias da Informação e Comunicação (TIC);Sistemas de informação;3;2;2;Nordeste;PE;Afogados da Ingazeira;0;0;6;6;1
2024;322;1551097;Ciência Da Computação;06;Computação e Tecnologias da Informação e Comunicação (TIC);Ciência da computação;1;2;2;Nordeste;PE;Afogados da Ingazeira;0;0;4;4;0
2024;322;1131979;Gestão Da Tecnologia Da Informação;06;Computação e Tecnologias da Informação e Comunicação (TIC);Gestão da tecnologia da informação;3;2;2;Nordeste;PE;Afogados da Ingazeira;0;0;3;1;0
2024;322;1382607;Redes De Computadores;06;Computação e Tecnologias da Informação e Comunicação (TIC);Redes de computadores;3;2;2;Nordeste;PE;Afogados da Ingazeira;0;0;0;0;0
2024;322;1484730;Segurança Da Informação;06;Computação e Tecnologias da Informação e Comunicação (TIC);Segurança da informação;3;2;2;Nordeste;PE;Afogados da Ingazeira;0;0;0;2;0
2024;322;1286800;Análise E Desenvolvimento De Sistemas;06;Computação e Tecnologias da Informação e Comunicação (TIC);Sistemas de informação;3;2;2;Nordeste;PE;Araripina;0;0;1;3;0
2024;322;1551097;Ciência Da Computação;06;Computação e Tecnologias da Informação e Comunicação (TIC);Ciência da computação;1;2;2;Nordeste;PE;Araripina;0;0;0;2;0
2024;322;1286800;Análise E Desenvolvimento De Sistemas;06;Computação e Tecnologias da Informação e Comunicação (TIC);Sistemas de informação;3;2;2;Nordeste;PE;Jaboatão dos Guararapes;0;0;2;5;3
2024;322;1131979;Gestão Da Tecnologia Da Informação;06;Computação e Tecnologias da Informação e Comunicação (TIC);Gestão da tecnologia da informação;3;2;2;Nordeste;PE;Jaboatão dos Guararapes;0;0;0;0;0
2024;322;1382607;Redes De Computadores;06;Computação e Tecnologias da Informação e Comunicação (TIC);Redes de computadores;3;2;2;Nordeste;PE;Jaboatão dos Guararapes;0;0;0;0;0
2024;322;1382607;Redes De Computadores;06;Computação e Tecnologias da Informação e Comunicação (TIC);Redes de computadores;3;2;2;Nordeste;PE;Olinda;0;0;0;1;0
2024;322;1286800;Análise E Desenvolvimento De Sistemas;06;Computação e Tecnologias da Informação e Comunicação (TIC);Sistemas de informação;3;2;2;Nordeste;PE;Petrolina;0;0;1;5;2
2024;322;1131979;Gestão Da Tecnologia Da Informação;06;Computação e Tecnologias da Informação e Comunicação (TIC);Gestão da tecnologia da informação;3;2;2;Nordeste;PE;Petrolina;0;0;3;3;0
2024;322;1484730;Segurança Da Informação;06;Computação e Tecnologias da Informação e Comunicação (TIC);Segurança da informação;3;2;2;Nordeste;PE;Petrolina;0;0;1;0;0
2024;322;1286800;Análise E Desenvolvimento De Sistemas;06;Computação e Tecnologias da Informação e Comunicação (TIC);Sistemas de informação;3;2;2;Nordeste;PE;Recife;0;0;4;5;0
2024;322;1551097;Ciência Da Computação;06;Computação e Tecnologias da Informação e Comunicação (TIC);Ciência da computação;1;2;2;Nordeste;PE;Recife;0;0;3;4;0
2024;322;1131979;Gestão Da Tecnologia Da Informação;06;Computação e Tecnologias da Informação e Comunicação (TIC);Gestão da tecnologia da informação;3;2;2;Nordeste;PE;Recife;0;0;2;1;0
2024;322;1382607;Redes De Computadores;06;Computação e Tecnologias da Informação e Comunicação (TIC);Redes de computadores;3;2;2;Nordeste;PE;Recife;0;0;0;6;3
2024;322;1484730;Segurança Da Informação;06;Computação e Tecnologias da Informação e Comunicação (TIC);Segurança da informação;3;2;2;Nordeste;PE;Recife;0;0;2;4;1
2024;322;1286800;Análise E Desenvolvimento De Sistemas;06;Computação e Tecnologias da Informação e Comunicação (TIC);Sistemas de informação;3;2;2;Nordeste;PE;Serra Talhada;0;0;1;2;1
2024;322;1551097;Ciência Da Computação;06;Computação e Tecnologias da Informação e Comunicação (TIC);Ciência da computação;1;2;2;Nordeste;PE;Serra Talhada;0;0;1;1;0
2024;322;1131979;Gestão Da Tecnologia Da Informação;06;Computação e Tecnologias da Informação e Comunicação (TIC);Gestão da tecnologia da informação;3;2;2;Nordeste;PE;Serra Talhada;0;0;1;1;0
2024;322;1131979;Gestão Da Tecnologia Da Informação;06;Computação e Tecnologias da Informação e Comunicação (TIC);Gestão da tecnologia da informação;3;2;2;Nordeste;PE;Sertânia;0;0;0;0;0
2024;322;1484730;Segurança Da Informação;06;Computação e Tecnologias da Informação e Comunicação (TIC);Segurança da informação;3;2;2;Nordeste;PE;Sertânia;0;0;0;1;0
2024;322;1286800;Análise E Desenvolvimento De Sistemas;06;Computação e Tecnologias da Informação e Comunicação (TIC);Sistemas de informação;3;2;2;Nordeste;PE;São José do Egito;0;0;1;1;0
2024;322;1551097;Ciência Da Computação;06;Computação e Tecnologias da Informação e Comunicação (TIC);Ciência da computação;1;2;2;Nordeste;PE;São José do Egito;0;0;0;0;0
2024;322;1382607;Redes De Computadores;06;Computação e Tecnologias da Informação e Comunicação (TIC);Redes de computadores;3;2;2;Nordeste;PE;São José do Egito;0;0;1;1;0
2024;322;1131979;Gestão Da Tecnologia Da Informação;06;Computação e Tecnologias da Informação e Comunicação (TIC);Gestão da tecnologia da informação;3;2;2;Nordeste;PI;Altos;0;0;1;0;0
2024;322;1286800;Análise E Desenvolvimento De Sistemas;06;Computação e Tecnologias da Informação e Comunicação (TIC);Sistemas de informação;3;2;2;Nordeste;PI;Teresina;0;0;11;12;2
2024;322;1131979;Gestão Da Tecnologia Da Informação;06;Computação e Tecnologias da Informação e Comunicação (TIC);Gestão da tecnologia da informação;3;2;2;Nordeste;PI;Teresina;0;0;1;3;0
2024;322;1382607;Redes De Computadores;06;Computação e Tecnologias da Informação e Comunicação (TIC);Redes de computadores;3;2;2;Nordeste;PI;Teresina;0;0;1;2;0
2024;322;1484730;Segurança Da Informação;06;Computação e Tecnologias da Informação e Comunicação (TIC);Segurança da informação;3;2;2;Nordeste;PI;Teresina;0;0;3;2;0
2024;322;1286800;Análise E Desenvolvimento De Sistemas;06;Computação e Tecnologias da Informação e Comunicação (TIC);Sistemas de informação;3;2;2;Nordeste;RN;Apodi;0;0;1;1;0
2024;322;1131979;Gestão Da Tecnologia Da Informação;06;Computação e Tecnologias da Informação e Comunicação (TIC);Gestão da tecnologia da informação;3;2;2;Nordeste;RN;Apodi;0;0;0;0;0
2024;322;1382607;Redes De Computadores;06;Computação e Tecnologias da Informação e Comunicação (TIC);Redes de computadores;3;2;2;Nordeste;RN;Apodi;0;0;0;0;0
2024;322;1286800;Análise E Desenvolvimento De Sistemas;06;Computação e Tecnologias da Informação e Comunicação (TIC);Sistemas de informação;3;2;2;Nordeste;RN;Currais Novos;0;0;4;5;2
2024;322;1551097;Ciência Da Computação;06;Computação e Tecnologias da Informação e Comunicação (TIC);Ciência da computação;1;2;2;Nordeste;RN;Currais Novos;0;0;2;1;0
2024;322;1131979;Gestão Da Tecnologia Da Informação;06;Computação e Tecnologias da Informação e Comunicação (TIC);Gestão da tecnologia da informação;3;2;2;Nordeste;RN;Currais Novos;0;0;0;2;2
2024;322;1286800;Análise E Desenvolvimento De Sistemas;06;Computação e Tecnologias da Informação e Comunicação (TIC);Sistemas de informação;3;2;2;Nordeste;RN;Mossoró;0;0;0;1;0
2024;322;1382607;Redes De Computadores;06;Computação e Tecnologias da Informação e Comunicação (TIC);Redes de computadores;3;2;2;Nordeste;RN;Mossoró;0;0;0;1;0
2024;322;1484730;Segurança Da Informação;06;Computação e Tecnologias da Informação e Comunicação (TIC);Segurança da informação;3;2;2;Nordeste;RN;Mossoró;0;0;0;1;0
2024;322;1286800;Análise E Desenvolvimento De Sistemas;06;Computação e Tecnologias da Informação e Comunicação (TIC);Sistemas de informação;3;2;2;Nordeste;RN;Natal;0;0;2;5;1
2024;322;1131979;Gestão Da Tecnologia Da Informação;06;Computação e Tecnologias da Informação e Comunicação (TIC);Gestão da tecnologia da informação;3;2;2;Nordeste;RN;Natal;0;0;0;0;0
2024;322;1484730;Segurança Da Informação;06;Computação e Tecnologias da Informação e Comunicação (TIC);Segurança da informação;3;2;2;Nordeste;RN;Natal;0;0;0;0;0
2024;322;1131979;Gestão Da Tecnologia Da Informação;06;Computação e Tecnologias da Informação e Comunicação (TIC);Gestão da tecnologia da informação;3;2;2;Nordeste;RN;Parnamirim;0;0;2;1;0
2024;322;1382607;Redes De Computadores;06;Computação e Tecnologias da Informação e Comunicação (TIC);Redes de computadores;3;2;2;Nordeste;RN;Parnamirim;0;0;1;2;0
2024;322;1484730;Segurança Da Informação;06;Computação e Tecnologias da Informação e Comunicação (TIC);Segurança da informação;3;2;2;Nordeste;RN;Parnamirim;0;0;1;1;0
2024;322;1286800;Análise E Desenvolvimento De Sistemas;06;Computação e Tecnologias da Informação e Comunicação (TIC);Sistemas de informação;3;2;2;Nordeste;SE;Aracaju;0;0;1;2;0
2024;322;1551097;Ciência Da Computação;06;Computação e Tecnologias da Informação e Comunicação (TIC);Ciência da computação;1;2;2;Nordeste;SE;Aracaju;0;0;0;3;0
2024;322;1131979;Gestão Da Tecnologia Da Informação;06;Computação e Tecnologias da Informação e Comunicação (TIC);Gestão da tecnologia da informação;3;2;2;Nordeste;SE;Aracaju;0;0;0;1;0
2024;322;1382607;Redes De Computadores;06;Computação e Tecnologias da Informação e Comunicação (TIC);Redes de computadores;3;2;2;Nordeste;SE;Aracaju;0;0;0;1;0
2024;322;1484730;Segurança Da Informação;06;Computação e Tecnologias da Informação e Comunicação (TIC);Segurança da informação;3;2;2;Nordeste;SE;Aracaju;0;0;1;1;0
2024;322;1551097;Ciência Da Computação;06;Computação e Tecnologias da Informação e Comunicação (TIC);Ciência da computação;1;2;2;Nordeste;SE;Itabaiana;0;0;1;1;0
2024;322;1131979;Gestão Da Tecnologia Da Informação;06;Computação e Tecnologias da Informação e Comunicação (TIC);Gestão da tecnologia da informação;3;2;2;Nordeste;SE;Propriá;0;0;0;0;0
2024;322;1286800;Análise E Desenvolvimento De Sistemas;06;Computação e Tecnologias da Informação e Comunicação (TIC);Sistemas de informação;3;2;2;Norte;AC;Acrelândia;0;0;3;3;0
2024;322;1131979;Gestão Da Tecnologia Da Informação;06;Computação e Tecnologias da Informação e Comunicação (TIC);Gestão da tecnologia da informação;3;2;2;Norte;AC;Acrelândia;0;0;1;0;0
2024;322;1382607;Redes De Computadores;06;Computação e Tecnologias da Informação e Comunicação (TIC);Redes de computadores;3;2;2;Norte;AC;Acrelândia;0;0;0;0;0
2024;322;1286800;Análise E Desenvolvimento De Sistemas;06;Computação e Tecnologias da Informação e Comunicação (TIC);Sistemas de informação;3;2;2;Norte;AC;Cruzeiro do Sul;0;0;2;1;1
2024;322;1551097;Ciência Da Computação;06;Computação e Tecnologias da Informação e Comunicação (TIC);Ciência da computação;1;2;2;Norte;AC;Cruzeiro do Sul;0;0;1;2;0
2024;322;1382607;Redes De Computadores;06;Computação e Tecnologias da Informação e Comunicação (TIC);Redes de computadores;3;2;2;Norte;AC;Cruzeiro do Sul;0;0;0;1;1
2024;322;1131979;Gestão Da Tecnologia Da Informação;06;Computação e Tecnologias da Informação e Comunicação (TIC);Gestão da tecnologia da informação;3;2;2;Norte;AC;Plácido de Castro;0;0;0;1;0
2024;322;1484730;Segurança Da Informação;06;Computação e Tecnologias da Informação e Comunicação (TIC);Segurança da informação;3;2;2;Norte;AC;Plácido de Castro;0;0;0;1;0
2024;322;1286800;Análise E Desenvolvimento De Sistemas;06;Computação e Tecnologias da Informação e Comunicação (TIC);Sistemas de informação;3;2;2;Norte;AP;Macapá;0;0;1;2;1
2024;322;1131979;Gestão Da Tecnologia Da Informação;06;Computação e Tecnologias da Informação e Comunicação (TIC);Gestão da tecnologia da informação;3;2;2;Norte;AP;Macapá;0;0;57;156;21
2024;322;1382607;Redes De Computadores;06;Computação e Tecnologias da Informação e Comunicação (TIC);Redes de computadores;3;2;2;Norte;AP;Macapá;0;0;1;1;0
2024;322;1551097;Ciência Da Computação;06;Computação e Tecnologias da Informação e Comunicação (TIC);Ciência da computação;1;2;2;Norte;AM;Autazes;0;0;0;1;0
2024;322;1131979;Gestão Da Tecnologia Da Informação;06;Computação e Tecnologias da Informação e Comunicação (TIC);Gestão da tecnologia da informação;3;2;2;Norte;AM;Autazes;0;0;0;0;0
2024;322;1286800;Análise E Desenvolvimento De Sistemas;06;Computação e Tecnologias da Informação e Comunicação (TIC);Sistemas de informação;3;2;2;Norte;AM;Barcelos;0;0;0;1;1
2024;322;1484730;Segurança Da Informação;06;Computação e Tecnologias da Informação e Comunicação (TIC);Segurança da informação;3;2;2;Norte;AM;Barcelos;0;0;0;0;0
2024;322;1131979;Gestão Da Tecnologia Da Informação;06;Computação e Tecnologias da Informação e Comunicação (TIC);Gestão da tecnologia da informação;3;2;2;Norte;AM;Benjamin Constant;0;0;3;3;0
2024;322;1382607;Redes De Computadores;06;Computação e Tecnologias da Informação e Comunicação (TIC);Redes de computadores;3;2;2;Norte;AM;Benjamin Constant;0;0;1;1;0
2024;322;1286800;Análise E Desenvolvimento De Sistemas;06;Computação e Tecnologias da Informação e Comunicação (TIC);Sistemas de informação;3;2;2;Norte;AM;Borba;0;0;0;1;1
2024;322;1551097;Ciência Da Computação;06;Computação e Tecnologias da Informação e Comunicação (TIC);Ciência da computação;1;2;2;Norte;AM;Borba;0;0;0;3;0
2024;322;1131979;Gestão Da Tecnologia Da Informação;06;Computação e Tecnologias da Informação e Comunicação (TIC);Gestão da tecnologia da informação;3;2;2;Norte;AM;Borba;0;0;0;1;0
2024;322;1382607;Redes De Computadores;06;Computação e Tecnologias da Informação e Comunicação (TIC);Redes de computadores;3;2;2;Norte;AM;Borba;0;0;0;1;0
2024;322;1484730;Segurança Da Informação;06;Computação e Tecnologias da Informação e Comunicação (TIC);Segurança da informação;3;2;2;Norte;AM;Borba;0;0;0;4;0
2024;322;1286800;Análise E Desenvolvimento De Sistemas;06;Computação e Tecnologias da Informação e Comunicação (TIC);Sistemas de informação;3;2;2;Norte;AM;Coari;0;0;12;14;7
2024;322;1551097;Ciência Da Computação;06;Computação e Tecnologias da Informação e Comunicação (TIC);Ciência da computação;1;2;2;Norte;AM;Coari;0;0;7;5;0
2024;322;1131979;Gestão Da Tecnologia Da Informação;06;Computação e Tecnologias da Informação e Comunicação (TIC);Gestão da tecnologia da informação;3;2;2;Norte;AM;Coari;0;0;6;2;0
2024;322;1382607;Redes De Computadores;06;Computação e Tecnologias da Informação e Comunicação (TIC);Redes de computadores;3;2;2;Norte;AM;Coari;0;0;1;1;0
2024;322;1484730;Segurança Da Informação;06;Computação e Tecnologias da Informação e Comunicação (TIC);Segurança da informação;3;2;2;Norte;AM;Coari;0;0;1;0;0
2024;322;1286800;Análise E Desenvolvimento De Sistemas;06;Computação e Tecnologias da Informação e Comunicação (TIC);Sistemas de informação;3;2;2;Norte;AM;Codajás;0;0;0;0;0
2024;322;1551097;Ciência Da Computação;06;Computação e Tecnologias da Informação e Comunicação (TIC);Ciência da computação;1;2;2;Norte;AM;Codajás;0;0;2;2;0
2024;322;1131979;Gestão Da Tecnologia Da Informação;06;Computação e Tecnologias da Informação e Comunicação (TIC);Gestão da tecnologia da informação;3;2;2;Norte;AM;Codajás;0;0;0;1;0
2024;322;1382607;Redes De Computadores;06;Computação e Tecnologias da Informação e Comunicação (TIC);Redes de computadores;3;2;2;Norte;AM;Codajás;0;0;1;1;0
2024;322;1286800;Análise E Desenvolvimento De Sistemas;06;Computação e Tecnologias da Informação e Comunicação (TIC);Sistemas de informação;3;2;2;Norte;AM;Humaitá;0;0;0;0;0
2024;322;5000448;Análise E Desenvolvimento De Sistemas;06;Computação e Tecnologias da Informação e Comunicação (TIC);Sistemas de informação;3;1;1;Norte;AM;Manaus;173;210;65;27;0
2024;322;43664;Ciência Da Computação;06;Computação e Tecnologias da Informação e Comunicação (TIC);Ciência da computação;1;1;1;Norte;AM;Manaus;231;191;61;102;15
2024;322;1286800;Análise E Desenvolvimento De Sistemas;06;Computação e Tecnologias da Informação e Comunicação (TIC);Sistemas de informação;3;2;2;Norte;AM;Manaus;0;0;67;54;14
2024;322;1551097;Ciência Da Computação;06;Computação e Tecnologias da Informação e Comunicação (TIC);Ciência da computação;1;2;2;Norte;AM;Manaus;0;0;18;27;1
2024;322;1131979;Gestão Da Tecnologia Da Informação;06;Computação e Tecnologias da Informação e Comunicação (TIC);Gestão da tecnologia da informação;3;2;2;Norte;AM;Manaus;0;0;9;12;3
2024;322;1382607;Redes De Computadores;06;Computação e Tecnologias da Informação e Comunicação (TIC);Redes de computadores;3;2;2;Norte;AM;Manaus;0;0;10;11;4
2024;322;1484730;Segurança Da Informação;06;Computação e Tecnologias da Informação e Comunicação (TIC);Segurança da informação;3;2;2;Norte;AM;Manaus;0;0;0;1;1
2024;322;1131979;Gestão Da Tecnologia Da Informação;06;Computação e Tecnologias da Informação e Comunicação (TIC);Gestão da tecnologia da informação;3;2;2;Norte;AM;Manicoré;0;0;1;3;0
2024;322;1382607;Redes De Computadores;06;Computação e Tecnologias da Informação e Comunicação (TIC);Redes de computadores;3;2;2;Norte;AM;Manicoré;0;0;1;2;0
2024;322;1382607;Redes De Computadores;06;Computação e Tecnologias da Informação e Comunicação (TIC);Redes de computadores;3;2;2;Norte;AM;Maués;0;0;0;0;0
2024;322;1286800;Análise E Desenvolvimento De Sistemas;06;Computação e Tecnologias da Informação e Comunicação (TIC);Sistemas de informação;3;2;2;Norte;AM;Parintins;0;0;2;0;0
2024;322;1551097;Ciência Da Computação;06;Computação e Tecnologias da Informação e Comunicação (TIC);Ciência da computação;1;2;2;Norte;AM;Parintins;0;0;1;1;0
2024;322;1131979;Gestão Da Tecnologia Da Informação;06;Computação e Tecnologias da Informação e Comunicação (TIC);Gestão da tecnologia da informação;3;2;2;Norte;AM;Parintins;0;0;0;1;1
2024;322;1382607;Redes De Computadores;06;Computação e Tecnologias da Informação e Comunicação (TIC);Redes de computadores;3;2;2;Norte;AM;Parintins;0;0;1;0;0
2024;322;1286800;Análise E Desenvolvimento De Sistemas;06;Computação e Tecnologias da Informação e Comunicação (TIC);Sistemas de informação;3;2;2;Norte;AM;São Gabriel da Cachoeira;0;0;3;0;0
2024;322;1131979;Gestão Da Tecnologia Da Informação;06;Computação e Tecnologias da Informação e Comunicação (TIC);Gestão da tecnologia da informação;3;2;2;Norte;AM;São Gabriel da Cachoeira;0;0;0;0;0
2024;322;1382607;Redes De Computadores;06;Computação e Tecnologias da Informação e Comunicação (TIC);Redes de computadores;3;2;2;Norte;AM;São Gabriel da Cachoeira;0;0;2;1;0
2024;322;1286800;Análise E Desenvolvimento De Sistemas;06;Computação e Tecnologias da Informação e Comunicação (TIC);Sistemas de informação;3;2;2;Norte;AM;Tabatinga;0;0;6;1;0
2024;322;1551097;Ciência Da Computação;06;Computação e Tecnologias da Informação e Comunicação (TIC);Ciência da computação;1;2;2;Norte;AM;Tabatinga;0;0;1;0;0
2024;322;1131979;Gestão Da Tecnologia Da Informação;06;Computação e Tecnologias da Informação e Comunicação (TIC);Gestão da tecnologia da informação;3;2;2;Norte;AM;Tabatinga;0;0;3;8;1
2024;322;1382607;Redes De Computadores;06;Computação e Tecnologias da Informação e Comunicação (TIC);Redes de computadores;3;2;2;Norte;AM;Tabatinga;0;0;6;0;0
2024;322;1484730;Segurança Da Informação;06;Computação e Tecnologias da Informação e Comunicação (TIC);Segurança da informação;3;2;2;Norte;AM;Tabatinga;0;0;3;4;0
2024;322;1286800;Análise E Desenvolvimento De Sistemas;06;Computação e Tecnologias da Informação e Comunicação (TIC);Sistemas de informação;3;2;2;Norte;AM;Tefé;0;0;26;24;2
2024;322;1551097;Ciência Da Computação;06;Computação e Tecnologias da Informação e Comunicação (TIC);Ciência da computação;1;2;2;Norte;AM;Tefé;0;0;18;13;0
2024;322;1131979;Gestão Da Tecnologia Da Informação;06;Computação e Tecnologias da Informação e Comunicação (TIC);Gestão da tecnologia da informação;3;2;2;Norte;AM;Tefé;0;0;11;6;1
2024;322;1382607;Redes De Computadores;06;Computação e Tecnologias da Informação e Comunicação (TIC);Redes de computadores;3;2;2;Norte;AM;Tefé;0;0;6;5;1
2024;322;1484730;Segurança Da Informação;06;Computação e Tecnologias da Informação e Comunicação (TIC);Segurança da informação;3;2;2;Norte;AM;Tefé;0;0;2;2;0
2024;322;1131979;Gestão Da Tecnologia Da Informação;06;Computação e Tecnologias da Informação e Comunicação (TIC);Gestão da tecnologia da informação;3;2;2;Norte;PA;Almeirim;0;0;1;0;0
2024;322;1382607;Redes De Computadores;06;Computação e Tecnologias da Informação e Comunicação (TIC);Redes de computadores;3;2;2;Norte;PA;Almeirim;0;0;0;2;0
2024;322;1286800;Análise E Desenvolvimento De Sistemas;06;Computação e Tecnologias da Informação e Comunicação (TIC);Sistemas de informação;3;2;2;Norte;PA;Altamira;0;0;0;1;1
2024;322;1551097;Ciência Da Computação;06;Computação e Tecnologias da Informação e Comunicação (TIC);Ciência da computação;1;2;2;Norte;PA;Anajás;0;0;0;1;0
2024;322;1131979;Gestão Da Tecnologia Da Informação;06;Computação e Tecnologias da Informação e Comunicação (TIC);Gestão da tecnologia da informação;3;2;2;Norte;PA;Anajás;0;0;1;0;0
2024;322;1382607;Redes De Computadores;06;Computação e Tecnologias da Informação e Comunicação (TIC);Redes de computadores;3;2;2;Norte;PA;Anajás;0;0;2;1;0
2024;322;1484730;Segurança Da Informação;06;Computação e Tecnologias da Informação e Comunicação (TIC);Segurança da informação;3;2;2;Norte;PA;Anajás;0;0;1;1;0
2024;322;1286800;Análise E Desenvolvimento De Sistemas;06;Computação e Tecnologias da Informação e Comunicação (TIC);Sistemas de informação;3;2;2;Norte;PA;Ananindeua;0;0;6;8;0
2024;322;1551097;Ciência Da Computação;06;Computação e Tecnologias da Informação e Comunicação (TIC);Ciência da computação;1;2;2;Norte;PA;Ananindeua;0;0;0;2;0
2024;322;1131979;Gestão Da Tecnologia Da Informação;06;Computação e Tecnologias da Informação e Comunicação (TIC);Gestão da tecnologia da informação;3;2;2;Norte;PA;Ananindeua;0;0;4;5;2
2024;322;1382607;Redes De Computadores;06;Computação e Tecnologias da Informação e Comunicação (TIC);Redes de computadores;3;2;2;Norte;PA;Ananindeua;0;0;2;1;0
2024;322;1484730;Segurança Da Informação;06;Computação e Tecnologias da Informação e Comunicação (TIC);Segurança da informação;3;2;2;Norte;PA;Ananindeua;0;0;1;1;0
2024;322;1131979;Gestão Da Tecnologia Da Informação;06;Computação e Tecnologias da Informação e Comunicação (TIC);Gestão da tecnologia da informação;3;2;2;Norte;PA;Anapu;0;0;1;0;0
2024;322;1551097;Ciência Da Computação;06;Computação e Tecnologias da Informação e Comunicação (TIC);Ciência da computação;1;2;2;Norte;PA;Barcarena;0;0;0;0;0
2024;322;1131979;Gestão Da Tecnologia Da Informação;06;Computação e Tecnologias da Informação e Comunicação (TIC);Gestão da tecnologia da informação;3;2;2;Norte;PA;Barcarena;0;0;0;1;1
2024;322;1286800;Análise E Desenvolvimento De Sistemas;06;Computação e Tecnologias da Informação e Comunicação (TIC);Sistemas de informação;3;2;2;Norte;PA;Belém;0;0;109;174;22
2024;322;1551097;Ciência Da Computação;06;Computação e Tecnologias da Informação e Comunicação (TIC);Ciência da computação;1;2;2;Norte;PA;Belém;0;0;5;10;0
2024;322;1131979;Gestão Da Tecnologia Da Informação;06;Computação e Tecnologias da Informação e Comunicação (TIC);Gestão da tecnologia da informação;3;2;2;Norte;PA;Belém;0;0;4;3;2
2024;322;1382607;Redes De Computadores;06;Computação e Tecnologias da Informação e Comunicação (TIC);Redes de computadores;3;2;2;Norte;PA;Belém;0;0;4;3;0
2024;322;1484730;Segurança Da Informação;06;Computação e Tecnologias da Informação e Comunicação (TIC);Segurança da informação;3;2;2;Norte;PA;Belém;0;0;1;0;0
2024;322;1131979;Gestão Da Tecnologia Da Informação;06;Computação e Tecnologias da Informação e Comunicação (TIC);Gestão da tecnologia da informação;3;2;2;Norte;PA;Benevides;0;0;0;0;0
2024;322;1382607;Redes De Computadores;06;Computação e Tecnologias da Informação e Comunicação (TIC);Redes de computadores;3;2;2;Norte;PA;Benevides;0;0;0;1;1
2024;322;1484730;Segurança Da Informação;06;Computação e Tecnologias da Informação e Comunicação (TIC);Segurança da informação;3;2;2;Norte;PA;Benevides;0;0;0;0;0
2024;322;1286800;Análise E Desenvolvimento De Sistemas;06;Computação e Tecnologias da Informação e Comunicação (TIC);Sistemas de informação;3;2;2;Norte;PA;Breves;0;0;3;1;0
2024;322;1551097;Ciência Da Computação;06;Computação e Tecnologias da Informação e Comunicação (TIC);Ciência da computação;1;2;2;Norte;PA;Breves;0;0;1;6;0
2024;322;1382607;Redes De Computadores;06;Computação e Tecnologias da Informação e Comunicação (TIC);Redes de computadores;3;2;2;Norte;PA;Breves;0;0;0;2;0
2024;322;1484730;Segurança Da Informação;06;Computação e Tecnologias da Informação e Comunicação (TIC);Segurança da informação;3;2;2;Norte;PA;Breves;0;0;1;0;0
2024;322;1131979;Gestão Da Tecnologia Da Informação;06;Computação e Tecnologias da Informação e Comunicação (TIC);Gestão da tecnologia da informação;3;2;2;Norte;PA;Marituba;0;0;0;0;0
2024;322;1286800;Análise E Desenvolvimento De Sistemas;06;Computação e Tecnologias da Informação e Comunicação (TIC);Sistemas de informação;3;2;2;Norte;PA;Moju;0;0;1;1;0
2024;322;1484730;Segurança Da Informação;06;Computação e Tecnologias da Informação e Comunicação (TIC);Segurança da informação;3;2;2;Norte;PA;Moju;0;0;0;1;0
2024;322;1131979;Gestão Da Tecnologia Da Informação;06;Computação e Tecnologias da Informação e Comunicação (TIC);Gestão da tecnologia da informação;3;2;2;Norte;PA;Monte Alegre;0;0;1;2;0
2024;322;1382607;Redes De Computadores;06;Computação e Tecnologias da Informação e Comunicação (TIC);Redes de computadores;3;2;2;Norte;PA;Monte Alegre;0;0;3;2;1
2024;322;1286800;Análise E Desenvolvimento De Sistemas;06;Computação e Tecnologias da Informação e Comunicação (TIC);Sistemas de informação;3;2;2;Norte;PA;Oriximiná;0;0;3;1;0
2024;322;1551097;Ciência Da Computação;06;Computação e Tecnologias da Informação e Comunicação (TIC);Ciência da computação;1;2;2;Norte;PA;Oriximiná;0;0;0;1;0
2024;322;1131979;Gestão Da Tecnologia Da Informação;06;Computação e Tecnologias da Informação e Comunicação (TIC);Gestão da tecnologia da informação;3;2;2;Norte;PA;Oriximiná;0;0;2;2;0
2024;322;1382607;Redes De Computadores;06;Computação e Tecnologias da Informação e Comunicação (TIC);Redes de computadores;3;2;2;Norte;PA;Oriximiná;0;0;1;1;0
2024;322;1484730;Segurança Da Informação;06;Computação e Tecnologias da Informação e Comunicação (TIC);Segurança da informação;3;2;2;Norte;PA;Oriximiná;0;0;0;0;0
2024;322;1286800;Análise E Desenvolvimento De Sistemas;06;Computação e Tecnologias da Informação e Comunicação (TIC);Sistemas de informação;3;2;2;Norte;PA;Ourilândia do Norte;0;0;0;0;0
2024;322;1382607;Redes De Computadores;06;Computação e Tecnologias da Informação e Comunicação (TIC);Redes de computadores;3;2;2;Norte;PA;Ourilândia do Norte;0;0;0;0;0
2024;322;1286800;Análise E Desenvolvimento De Sistemas;06;Computação e Tecnologias da Informação e Comunicação (TIC);Sistemas de informação;3;2;2;Norte;PA;Parauapebas;0;0;4;8;3
2024;322;1551097;Ciência Da Computação;06;Computação e Tecnologias da Informação e Comunicação (TIC);Ciência da computação;1;2;2;Norte;PA;Parauapebas;0;0;1;2;0
2024;322;1131979;Gestão Da Tecnologia Da Informação;06;Computação e Tecnologias da Informação e Comunicação (TIC);Gestão da tecnologia da informação;3;2;2;Norte;PA;Parauapebas;0;0;1;2;1
2024;322;1382607;Redes De Computadores;06;Computação e Tecnologias da Informação e Comunicação (TIC);Redes de computadores;3;2;2;Norte;PA;Parauapebas;0;0;0;0;0
2024;322;1484730;Segurança Da Informação;06;Computação e Tecnologias da Informação e Comunicação (TIC);Segurança da informação;3;2;2;Norte;PA;Parauapebas;0;0;2;1;0
2024;322;1286800;Análise E Desenvolvimento De Sistemas;06;Computação e Tecnologias da Informação e Comunicação (TIC);Sistemas de informação;3;2;2;Norte;PA;Redenção;0;0;0;0;0
2024;322;1131979;Gestão Da Tecnologia Da Informação;06;Computação e Tecnologias da Informação e Comunicação (TIC);Gestão da tecnologia da informação;3;2;2;Norte;PA;Redenção;0;0;0;0;0
2024;322;1551097;Ciência Da Computação;06;Computação e Tecnologias da Informação e Comunicação (TIC);Ciência da computação;1;2;2;Norte;PA;Santa Izabel do Pará;0;0;0;0;0
2024;322;1131979;Gestão Da Tecnologia Da Informação;06;Computação e Tecnologias da Informação e Comunicação (TIC);Gestão da tecnologia da informação;3;2;2;Norte;PA;Santarém;0;0;1;1;0
2024;322;1286800;Análise E Desenvolvimento De Sistemas;06;Computação e Tecnologias da Informação e Comunicação (TIC);Sistemas de informação;3;2;2;Norte;PA;São Félix do Xingu;0;0;0;1;0
2024;322;1382607;Redes De Computadores;06;Computação e Tecnologias da Informação e Comunicação (TIC);Redes de computadores;3;2;2;Norte;PA;São Félix do Xingu;0;0;0;0;0
2024;322;1551097;Ciência Da Computação;06;Computação e Tecnologias da Informação e Comunicação (TIC);Ciência da computação;1;2;2;Norte;PA;São Sebastião da Boa Vista;0;0;1;0;0
2024;322;1382607;Redes De Computadores;06;Computação e Tecnologias da Informação e Comunicação (TIC);Redes de computadores;3;2;2;Norte;PA;São Sebastião da Boa Vista;0;0;1;0;0
2024;322;1286800;Análise E Desenvolvimento De Sistemas;06;Computação e Tecnologias da Informação e Comunicação (TIC);Sistemas de informação;3;2;2;Norte;PA;Tailândia;0;0;1;1;0
2024;322;1286800;Análise E Desenvolvimento De Sistemas;06;Computação e Tecnologias da Informação e Comunicação (TIC);Sistemas de informação;3;2;2;Norte;PA;Terra Santa;0;0;0;0;0
2024;322;1551097;Ciência Da Computação;06;Computação e Tecnologias da Informação e Comunicação (TIC);Ciência da computação;1;2;2;Norte;PA;Terra Santa;0;0;0;2;0
2024;322;1286800;Análise E Desenvolvimento De Sistemas;06;Computação e Tecnologias da Informação e Comunicação (TIC);Sistemas de informação;3;2;2;Norte;PA;Tucumã;0;0;3;4;0
2024;322;1551097;Ciência Da Computação;06;Computação e Tecnologias da Informação e Comunicação (TIC);Ciência da computação;1;2;2;Norte;PA;Tucumã;0;0;0;0;0
2024;322;1382607;Redes De Computadores;06;Computação e Tecnologias da Informação e Comunicação (TIC);Redes de computadores;3;2;2;Norte;PA;Tucumã;0;0;0;0;0
2024;322;1286800;Análise E Desenvolvimento De Sistemas;06;Computação e Tecnologias da Informação e Comunicação (TIC);Sistemas de informação;3;2;2;Norte;PA;Xinguara;0;0;1;2;0
2024;322;1286800;Análise E Desenvolvimento De Sistemas;06;Computação e Tecnologias da Informação e Comunicação (TIC);Sistemas de informação;3;2;2;Norte;RO;Guajará-Mirim;0;0;4;4;0
2024;322;1131979;Gestão Da Tecnologia Da Informação;06;Computação e Tecnologias da Informação e Comunicação (TIC);Gestão da tecnologia da informação;3;2;2;Norte;RO;Guajará-Mirim;0;0;1;1;0
2024;322;1484730;Segurança Da Informação;06;Computação e Tecnologias da Informação e Comunicação (TIC);Segurança da informação;3;2;2;Norte;RO;Guajará-Mirim;0;0;0;3;2
2024;322;1286800;Análise E Desenvolvimento De Sistemas;06;Computação e Tecnologias da Informação e Comunicação (TIC);Sistemas de informação;3;2;2;Norte;RO;Pimenta Bueno;0;0;0;0;0
2024;322;1286800;Análise E Desenvolvimento De Sistemas;06;Computação e Tecnologias da Informação e Comunicação (TIC);Sistemas de informação;3;2;2;Norte;RO;Porto Velho;0;0;2;3;1
2024;322;1551097;Ciência Da Computação;06;Computação e Tecnologias da Informação e Comunicação (TIC);Ciência da computação;1;2;2;Norte;RO;Porto Velho;0;0;0;0;0
2024;322;1131979;Gestão Da Tecnologia Da Informação;06;Computação e Tecnologias da Informação e Comunicação (TIC);Gestão da tecnologia da informação;3;2;2;Norte;RO;Porto Velho;0;0;1;0;0
2024;322;1382607;Redes De Computadores;06;Computação e Tecnologias da Informação e Comunicação (TIC);Redes de computadores;3;2;2;Norte;RO;Porto Velho;0;0;0;0;0
2024;322;1484730;Segurança Da Informação;06;Computação e Tecnologias da Informação e Comunicação (TIC);Segurança da informação;3;2;2;Norte;RO;Porto Velho;0;0;0;0;0
2024;322;1131979;Gestão Da Tecnologia Da Informação;06;Computação e Tecnologias da Informação e Comunicação (TIC);Gestão da tecnologia da informação;3;2;2;Norte;RO;Rolim de Moura;0;0;0;1;0
2024;322;1286800;Análise E Desenvolvimento De Sistemas;06;Computação e Tecnologias da Informação e Comunicação (TIC);Sistemas de informação;3;2;2;Norte;RO;Vilhena;0;0;0;0;0
2024;322;1551097;Ciência Da Computação;06;Computação e Tecnologias da Informação e Comunicação (TIC);Ciência da computação;1;2;2;Norte;RO;Vilhena;0;0;0;0;0
2024;322;1286800;Análise E Desenvolvimento De Sistemas;06;Computação e Tecnologias da Informação e Comunicação (TIC);Sistemas de informação;3;2;2;Norte;RR;Boa Vista;0;0;11;10;3
2024;322;1551097;Ciência Da Computação;06;Computação e Tecnologias da Informação e Comunicação (TIC);Ciência da computação;1;2;2;Norte;RR;Boa Vista;0;0;7;4;0
2024;322;1131979;Gestão Da Tecnologia Da Informação;06;Computação e Tecnologias da Informação e Comunicação (TIC);Gestão da tecnologia da informação;3;2;2;Norte;RR;Boa Vista;0;0;2;7;3
2024;322;1382607;Redes De Computadores;06;Computação e Tecnologias da Informação e Comunicação (TIC);Redes de computadores;3;2;2;Norte;RR;Boa Vista;0;0;4;4;0
2024;322;1484730;Segurança Da Informação;06;Computação e Tecnologias da Informação e Comunicação (TIC);Segurança da informação;3;2;2;Norte;RR;Boa Vista;0;0;1;2;0
2024;322;1286800;Análise E Desenvolvimento De Sistemas;06;Computação e Tecnologias da Informação e Comunicação (TIC);Sistemas de informação;3;2;2;Norte;TO;Augustinópolis;0;0;3;2;0
2024;322;1131979;Gestão Da Tecnologia Da Informação;06;Computação e Tecnologias da Informação e Comunicação (TIC);Gestão da tecnologia da informação;3;2;2;Norte;TO;Augustinópolis;0;0;1;0;0
2024;322;1382607;Redes De Computadores;06;Computação e Tecnologias da Informação e Comunicação (TIC);Redes de computadores;3;2;2;Norte;TO;Augustinópolis;0;0;0;0;0
2024;322;1484730;Segurança Da Informação;06;Computação e Tecnologias da Informação e Comunicação (TIC);Segurança da informação;3;2;2;Norte;TO;Augustinópolis;0;0;0;0;0
2024;322;1286800;Análise E Desenvolvimento De Sistemas;06;Computação e Tecnologias da Informação e Comunicação (TIC);Sistemas de informação;3;2;2;Norte;TO;Gurupi;0;0;6;5;0
2024;322;1551097;Ciência Da Computação;06;Computação e Tecnologias da Informação e Comunicação (TIC);Ciência da computação;1;2;2;Norte;TO;Gurupi;0;0;0;2;0
2024;322;1131979;Gestão Da Tecnologia Da Informação;06;Computação e Tecnologias da Informação e Comunicação (TIC);Gestão da tecnologia da informação;3;2;2;Norte;TO;Gurupi;0;0;0;1;0
2024;322;1286800;Análise E Desenvolvimento De Sistemas;06;Computação e Tecnologias da Informação e Comunicação (TIC);Sistemas de informação;3;2;2;Norte;TO;Palmas;0;0;4;7;3
2024;322;1551097;Ciência Da Computação;06;Computação e Tecnologias da Informação e Comunicação (TIC);Ciência da computação;1;2;2;Norte;TO;Palmas;0;0;2;4;0
2024;322;1131979;Gestão Da Tecnologia Da Informação;06;Computação e Tecnologias da Informação e Comunicação (TIC);Gestão da tecnologia da informação;3;2;2;Norte;TO;Palmas;0;0;1;2;0
2024;322;1382607;Redes De Computadores;06;Computação e Tecnologias da Informação e Comunicação (TIC);Redes de computadores;3;2;2;Norte;TO;Palmas;0;0;1;2;1
2024;322;1484730;Segurança Da Informação;06;Computação e Tecnologias da Informação e Comunicação (TIC);Segurança da informação;3;2;2;Norte;TO;Palmas;0;0;0;1;0
2024;322;1286800;Análise E Desenvolvimento De Sistemas;06;Computação e Tecnologias da Informação e Comunicação (TIC);Sistemas de informação;3;2;2;Norte;TO;Paraíso do Tocantins;0;0;0;0;0
2024;322;1551097;Ciência Da Computação;06;Computação e Tecnologias da Informação e Comunicação (TIC);Ciência da computação;1;2;2;Norte;TO;Paraíso do Tocantins;0;0;1;1;0
2024;322;1131979;Gestão Da Tecnologia Da Informação;06;Computação e Tecnologias da Informação e Comunicação (TIC);Gestão da tecnologia da informação;3;2;2;Norte;TO;Paraíso do Tocantins;0;0;0;1;0
2024;322;1286800;Análise E Desenvolvimento De Sistemas;06;Computação e Tecnologias da Informação e Comunicação (TIC);Sistemas de informação;3;2;2;Norte;TO;Tocantinópolis;0;0;2;2;2
2024;322;1551097;Ciência Da Computação;06;Computação e Tecnologias da Informação e Comunicação (TIC);Ciência da computação;1;2;2;Norte;TO;Tocantinópolis;0;0;3;2;0
2024;322;1131979;Gestão Da Tecnologia Da Informação;06;Computação e Tecnologias da Informação e Comunicação (TIC);Gestão da tecnologia da informação;3;2;2;Norte;TO;Tocantinópolis;0;0;2;4;1
2024;322;1286800;Análise E Desenvolvimento De Sistemas;06;Computação e Tecnologias da Informação e Comunicação (TIC);Sistemas de informação;3;2;2;Sudeste;ES;Alegre;0;0;0;1;1
2024;322;1551097;Ciência Da Computação;06;Computação e Tecnologias da Informação e Comunicação (TIC);Ciência da computação;1;2;2;Sudeste;ES;Alegre;0;0;0;1;0
2024;322;1131979;Gestão Da Tecnologia Da Informação;06;Computação e Tecnologias da Informação e Comunicação (TIC);Gestão da tecnologia da informação;3;2;2;Sudeste;ES;Alegre;0;0;0;0;0
2024;322;1286800;Análise E Desenvolvimento De Sistemas;06;Computação e Tecnologias da Informação e Comunicação (TIC);Sistemas de informação;3;2;2;Sudeste;ES;Alfredo Chaves;0;0;0;0;0
2024;322;1551097;Ciência Da Computação;06;Computação e Tecnologias da Informação e Comunicação (TIC);Ciência da computação;1;2;2;Sudeste;ES;Alfredo Chaves;0;0;0;0;0
2024;322;1131979;Gestão Da Tecnologia Da Informação;06;Computação e Tecnologias da Informação e Comunicação (TIC);Gestão da tecnologia da informação;3;2;2;Sudeste;ES;Alfredo Chaves;0;0;0;0;0
2024;322;1382607;Redes De Computadores;06;Computação e Tecnologias da Informação e Comunicação (TIC);Redes de computadores;3;2;2;Sudeste;ES;Anchieta;0;0;0;2;1
2024;322;1286800;Análise E Desenvolvimento De Sistemas;06;Computação e Tecnologias da Informação e Comunicação (TIC);Sistemas de informação;3;2;2;Sudeste;ES;Aracruz;0;0;0;3;2
2024;322;1551097;Ciência Da Computação;06;Computação e Tecnologias da Informação e Comunicação (TIC);Ciência da computação;1;2;2;Sudeste;ES;Aracruz;0;0;1;1;0
2024;322;1131979;Gestão Da Tecnologia Da Informação;06;Computação e Tecnologias da Informação e Comunicação (TIC);Gestão da tecnologia da informação;3;2;2;Sudeste;ES;Aracruz;0;0;2;1;1
2024;322;1382607;Redes De Computadores;06;Computação e Tecnologias da Informação e Comunicação (TIC);Redes de computadores;3;2;2;Sudeste;ES;Aracruz;0;0;0;0;0
2024;322;1286800;Análise E Desenvolvimento De Sistemas;06;Computação e Tecnologias da Informação e Comunicação (TIC);Sistemas de informação;3;2;2;Sudeste;ES;Cachoeiro de Itapemirim;0;0;7;12;2
2024;322;1551097;Ciência Da Computação;06;Computação e Tecnologias da Informação e Comunicação (TIC);Ciência da computação;1;2;2;Sudeste;ES;Cachoeiro de Itapemirim;0;0;5;4;0
2024;322;1131979;Gestão Da Tecnologia Da Informação;06;Computação e Tecnologias da Informação e Comunicação (TIC);Gestão da tecnologia da informação;3;2;2;Sudeste;ES;Cachoeiro de Itapemirim;0;0;2;2;0
2024;322;1382607;Redes De Computadores;06;Computação e Tecnologias da Informação e Comunicação (TIC);Redes de computadores;3;2;2;Sudeste;ES;Cachoeiro de Itapemirim;0;0;0;0;0
2024;322;1484730;Segurança Da Informação;06;Computação e Tecnologias da Informação e Comunicação (TIC);Segurança da informação;3;2;2;Sudeste;ES;Cachoeiro de Itapemirim;0;0;0;2;0
2024;322;1286800;Análise E Desenvolvimento De Sistemas;06;Computação e Tecnologias da Informação e Comunicação (TIC);Sistemas de informação;3;2;2;Sudeste;ES;Cariacica;0;0;0;0;0
2024;322;1551097;Ciência Da Computação;06;Computação e Tecnologias da Informação e Comunicação (TIC);Ciência da computação;1;2;2;Sudeste;ES;Cariacica;0;0;0;0;0
2024;322;1131979;Gestão Da Tecnologia Da Informação;06;Computação e Tecnologias da Informação e Comunicação (TIC);Gestão da tecnologia da informação;3;2;2;Sudeste;ES;Cariacica;0;0;0;4;1
2024;322;1382607;Redes De Computadores;06;Computação e Tecnologias da Informação e Comunicação (TIC);Redes de computadores;3;2;2;Sudeste;ES;Cariacica;0;0;0;0;0
2024;322;1484730;Segurança Da Informação;06;Computação e Tecnologias da Informação e Comunicação (TIC);Segurança da informação;3;2;2;Sudeste;ES;Cariacica;0;0;0;1;0
2024;322;1286800;Análise E Desenvolvimento De Sistemas;06;Computação e Tecnologias da Informação e Comunicação (TIC);Sistemas de informação;3;2;2;Sudeste;ES;Colatina;0;0;0;0;0
2024;322;1551097;Ciência Da Computação;06;Computação e Tecnologias da Informação e Comunicação (TIC);Ciência da computação;1;2;2;Sudeste;ES;Colatina;0;0;0;2;0
2024;322;1131979;Gestão Da Tecnologia Da Informação;06;Computação e Tecnologias da Informação e Comunicação (TIC);Gestão da tecnologia da informação;3;2;2;Sudeste;ES;Colatina;0;0;0;0;0
2024;322;1382607;Redes De Computadores;06;Computação e Tecnologias da Informação e Comunicação (TIC);Redes de computadores;3;2;2;Sudeste;ES;Colatina;0;0;0;0;0
2024;322;1286800;Análise E Desenvolvimento De Sistemas;06;Computação e Tecnologias da Informação e Comunicação (TIC);Sistemas de informação;3;2;2;Sudeste;ES;Iconha;0;0;2;2;0
2024;322;1551097;Ciência Da Computação;06;Computação e Tecnologias da Informação e Comunicação (TIC);Ciência da computação;1;2;2;Sudeste;ES;Iconha;0;0;3;2;0
2024;322;1286800;Análise E Desenvolvimento De Sistemas;06;Computação e Tecnologias da Informação e Comunicação (TIC);Sistemas de informação;3;2;2;Sudeste;ES;Itapemirim;0;0;0;1;0
2024;322;1551097;Ciência Da Computação;06;Computação e Tecnologias da Informação e Comunicação (TIC);Ciência da computação;1;2;2;Sudeste;ES;Itapemirim;0;0;0;1;0
2024;322;1131979;Gestão Da Tecnologia Da Informação;06;Computação e Tecnologias da Informação e Comunicação (TIC);Gestão da tecnologia da informação;3;2;2;Sudeste;ES;Itapemirim;0;0;0;0;0
2024;322;1484730;Segurança Da Informação;06;Computação e Tecnologias da Informação e Comunicação (TIC);Segurança da informação;3;2;2;Sudeste;ES;Itapemirim;0;0;0;1;1
2024;322;1131979;Gestão Da Tecnologia Da Informação;06;Computação e Tecnologias da Informação e Comunicação (TIC);Gestão da tecnologia da informação;3;2;2;Sudeste;ES;João Neiva;0;0;0;0;0
2024;322;1484730;Segurança Da Informação;06;Computação e Tecnologias da Informação e Comunicação (TIC);Segurança da informação;3;2;2;Sudeste;ES;João Neiva;0;0;0;0;0
2024;322;1286800;Análise E Desenvolvimento De Sistemas;06;Computação e Tecnologias da Informação e Comunicação (TIC);Sistemas de informação;3;2;2;Sudeste;ES;Marataízes;0;0;5;6;1
2024;322;1551097;Ciência Da Computação;06;Computação e Tecnologias da Informação e Comunicação (TIC);Ciência da computação;1;2;2;Sudeste;ES;Marataízes;0;0;1;1;0
2024;322;1131979;Gestão Da Tecnologia Da Informação;06;Computação e Tecnologias da Informação e Comunicação (TIC);Gestão da tecnologia da informação;3;2;2;Sudeste;ES;Marataízes;0;0;2;4;2
2024;322;1382607;Redes De Computadores;06;Computação e Tecnologias da Informação e Comunicação (TIC);Redes de computadores;3;2;2;Sudeste;ES;Marataízes;0;0;0;1;1
2024;322;1484730;Segurança Da Informação;06;Computação e Tecnologias da Informação e Comunicação (TIC);Segurança da informação;3;2;2;Sudeste;ES;Marataízes;0;0;1;1;0
2024;322;1286800;Análise E Desenvolvimento De Sistemas;06;Computação e Tecnologias da Informação e Comunicação (TIC);Sistemas de informação;3;2;2;Sudeste;ES;Piúma;0;0;1;3;1
2024;322;1551097;Ciência Da Computação;06;Computação e Tecnologias da Informação e Comunicação (TIC);Ciência da computação;1;2;2;Sudeste;ES;Piúma;0;0;1;2;0
2024;322;1131979;Gestão Da Tecnologia Da Informação;06;Computação e Tecnologias da Informação e Comunicação (TIC);Gestão da tecnologia da informação;3;2;2;Sudeste;ES;Piúma;0;0;1;0;0
2024;322;1382607;Redes De Computadores;06;Computação e Tecnologias da Informação e Comunicação (TIC);Redes de computadores;3;2;2;Sudeste;ES;Presidente Kennedy;0;0;0;0;0
2024;322;1484730;Segurança Da Informação;06;Computação e Tecnologias da Informação e Comunicação (TIC);Segurança da informação;3;2;2;Sudeste;ES;Presidente Kennedy;0;0;0;2;2
2024;322;1286800;Análise E Desenvolvimento De Sistemas;06;Computação e Tecnologias da Informação e Comunicação (TIC);Sistemas de informação;3;2;2;Sudeste;ES;Serra;0;0;0;4;0
2024;322;1551097;Ciência Da Computação;06;Computação e Tecnologias da Informação e Comunicação (TIC);Ciência da computação;1;2;2;Sudeste;ES;Serra;0;0;0;3;0
2024;322;1131979;Gestão Da Tecnologia Da Informação;06;Computação e Tecnologias da Informação e Comunicação (TIC);Gestão da tecnologia da informação;3;2;2;Sudeste;ES;Serra;0;0;0;5;2
2024;322;1382607;Redes De Computadores;06;Computação e Tecnologias da Informação e Comunicação (TIC);Redes de computadores;3;2;2;Sudeste;ES;Serra;0;0;0;2;1
2024;322;1286800;Análise E Desenvolvimento De Sistemas;06;Computação e Tecnologias da Informação e Comunicação (TIC);Sistemas de informação;3;2;2;Sudeste;ES;São Gabriel da Palha;0;0;6;11;3
2024;322;1484730;Segurança Da Informação;06;Computação e Tecnologias da Informação e Comunicação (TIC);Segurança da informação;3;2;2;Sudeste;ES;São Gabriel da Palha;0;0;2;2;0
2024;322;1286800;Análise E Desenvolvimento De Sistemas;06;Computação e Tecnologias da Informação e Comunicação (TIC);Sistemas de informação;3;2;2;Sudeste;ES;São Mateus;0;0;1;3;0
2024;322;1551097;Ciência Da Computação;06;Computação e Tecnologias da Informação e Comunicação (TIC);Ciência da computação;1;2;2;Sudeste;ES;São Mateus;0;0;1;1;0
2024;322;1382607;Redes De Computadores;06;Computação e Tecnologias da Informação e Comunicação (TIC);Redes de computadores;3;2;2;Sudeste;ES;São Mateus;0;0;0;1;0
2024;322;1131979;Gestão Da Tecnologia Da Informação;06;Computação e Tecnologias da Informação e Comunicação (TIC);Gestão da tecnologia da informação;3;2;2;Sudeste;ES;Venda Nova do Imigrante;0;0;0;0;0
2024;322;1382607;Redes De Computadores;06;Computação e Tecnologias da Informação e Comunicação (TIC);Redes de computadores;3;2;2;Sudeste;ES;Viana;0;0;0;1;0
2024;322;1286800;Análise E Desenvolvimento De Sistemas;06;Computação e Tecnologias da Informação e Comunicação (TIC);Sistemas de informação;3;2;2;Sudeste;ES;Vila Velha;0;0;14;11;0
2024;322;1551097;Ciência Da Computação;06;Computação e Tecnologias da Informação e Comunicação (TIC);Ciência da computação;1;2;2;Sudeste;ES;Vila Velha;0;0;3;5;1
2024;322;1131979;Gestão Da Tecnologia Da Informação;06;Computação e Tecnologias da Informação e Comunicação (TIC);Gestão da tecnologia da informação;3;2;2;Sudeste;ES;Vila Velha;0;0;2;2;0
2024;322;1382607;Redes De Computadores;06;Computação e Tecnologias da Informação e Comunicação (TIC);Redes de computadores;3;2;2;Sudeste;ES;Vila Velha;0;0;0;1;1
2024;322;1484730;Segurança Da Informação;06;Computação e Tecnologias da Informação e Comunicação (TIC);Segurança da informação;3;2;2;Sudeste;ES;Vila Velha;0;0;3;4;1
2024;322;1286800;Análise E Desenvolvimento De Sistemas;06;Computação e Tecnologias da Informação e Comunicação (TIC);Sistemas de informação;3;2;2;Sudeste;ES;Vitória;0;0;6;5;1
2024;322;1551097;Ciência Da Computação;06;Computação e Tecnologias da Informação e Comunicação (TIC);Ciência da computação;1;2;2;Sudeste;ES;Vitória;0;0;2;1;0
2024;322;1131979;Gestão Da Tecnologia Da Informação;06;Computação e Tecnologias da Informação e Comunicação (TIC);Gestão da tecnologia da informação;3;2;2;Sudeste;ES;Vitória;0;0;4;2;0
2024;322;1382607;Redes De Computadores;06;Computação e Tecnologias da Informação e Comunicação (TIC);Redes de computadores;3;2;2;Sudeste;ES;Vitória;0;0;2;1;0
2024;322;1484730;Segurança Da Informação;06;Computação e Tecnologias da Informação e Comunicação (TIC);Segurança da informação;3;2;2;Sudeste;ES;Vitória;0;0;3;1;0
2024;322;1131979;Gestão Da Tecnologia Da Informação;06;Computação e Tecnologias da Informação e Comunicação (TIC);Gestão da tecnologia da informação;3;2;2;Sudeste;MG;Almenara;0;0;1;1;0
2024;322;1382607;Redes De Computadores;06;Computação e Tecnologias da Informação e Comunicação (TIC);Redes de computadores;3;2;2;Sudeste;MG;Almenara;0;0;0;1;0
2024;322;1286800;Análise E Desenvolvimento De Sistemas;06;Computação e Tecnologias da Informação e Comunicação (TIC);Sistemas de informação;3;2;2;Sudeste;MG;Araguari;0;0;1;2;1
2024;322;1551097;Ciência Da Computação;06;Computação e Tecnologias da Informação e Comunicação (TIC);Ciência da computação;1;2;2;Sudeste;MG;Araguari;0;0;0;2;0
2024;322;1131979;Gestão Da Tecnologia Da Informação;06;Computação e Tecnologias da Informação e Comunicação (TIC);Gestão da tecnologia da informação;3;2;2;Sudeste;MG;Araguari;0;0;0;1;0
2024;322;1382607;Redes De Computadores;06;Computação e Tecnologias da Informação e Comunicação (TIC);Redes de computadores;3;2;2;Sudeste;MG;Araguari;0;0;0;0;0
2024;322;1484730;Segurança Da Informação;06;Computação e Tecnologias da Informação e Comunicação (TIC);Segurança da informação;3;2;2;Sudeste;MG;Araguari;0;0;0;0;0
2024;322;1286800;Análise E Desenvolvimento De Sistemas;06;Computação e Tecnologias da Informação e Comunicação (TIC);Sistemas de informação;3;2;2;Sudeste;MG;Araçuaí;0;0;0;1;0
2024;322;1286800;Análise E Desenvolvimento De Sistemas;06;Computação e Tecnologias da Informação e Comunicação (TIC);Sistemas de informação;3;2;2;Sudeste;MG;Arcos;0;0;0;3;1
2024;322;1551097;Ciência Da Computação;06;Computação e Tecnologias da Informação e Comunicação (TIC);Ciência da computação;1;2;2;Sudeste;MG;Arcos;0;0;0;0;0
2024;322;1382607;Redes De Computadores;06;Computação e Tecnologias da Informação e Comunicação (TIC);Redes de computadores;3;2;2;Sudeste;MG;Arcos;0;0;0;1;1
2024;322;1131979;Gestão Da Tecnologia Da Informação;06;Computação e Tecnologias da Informação e Comunicação (TIC);Gestão da tecnologia da informação;3;2;2;Sudeste;MG;Areado;0;0;0;0;0
2024;322;1382607;Redes De Computadores;06;Computação e Tecnologias da Informação e Comunicação (TIC);Redes de computadores;3;2;2;Sudeste;MG;Areado;0;0;0;0;0
2024;322;1286800;Análise E Desenvolvimento De Sistemas;06;Computação e Tecnologias da Informação e Comunicação (TIC);Sistemas de informação;3;2;2;Sudeste;MG;Belo Horizonte;0;0;9;10;2
2024;322;1551097;Ciência Da Computação;06;Computação e Tecnologias da Informação e Comunicação (TIC);Ciência da computação;1;2;2;Sudeste;MG;Belo Horizonte;0;0;5;5;0
2024;322;1131979;Gestão Da Tecnologia Da Informação;06;Computação e Tecnologias da Informação e Comunicação (TIC);Gestão da tecnologia da informação;3;2;2;Sudeste;MG;Belo Horizonte;0;0;4;4;0
2024;322;1382607;Redes De Computadores;06;Computação e Tecnologias da Informação e Comunicação (TIC);Redes de computadores;3;2;2;Sudeste;MG;Belo Horizonte;0;0;1;4;2
2024;322;1484730;Segurança Da Informação;06;Computação e Tecnologias da Informação e Comunicação (TIC);Segurança da informação;3;2;2;Sudeste;MG;Belo Horizonte;0;0;0;2;0
2024;322;1286800;Análise E Desenvolvimento De Sistemas;06;Computação e Tecnologias da Informação e Comunicação (TIC);Sistemas de informação;3;2;2;Sudeste;MG;Betim;0;0;0;0;0
2024;322;1551097;Ciência Da Computação;06;Computação e Tecnologias da Informação e Comunicação (TIC);Ciência da computação;1;2;2;Sudeste;MG;Boa Esperança;0;0;0;1;1
2024;322;1131979;Gestão Da Tecnologia Da Informação;06;Computação e Tecnologias da Informação e Comunicação (TIC);Gestão da tecnologia da informação;3;2;2;Sudeste;MG;Boa Esperança;0;0;0;0;0
2024;322;1286800;Análise E Desenvolvimento De Sistemas;06;Computação e Tecnologias da Informação e Comunicação (TIC);Sistemas de informação;3;2;2;Sudeste;MG;Bom Despacho;0;0;1;1;1
2024;322;1551097;Ciência Da Computação;06;Computação e Tecnologias da Informação e Comunicação (TIC);Ciência da computação;1;2;2;Sudeste;MG;Bom Despacho;0;0;1;1;0
2024;322;1131979;Gestão Da Tecnologia Da Informação;06;Computação e Tecnologias da Informação e Comunicação (TIC);Gestão da tecnologia da informação;3;2;2;Sudeste;MG;Bom Despacho;0;0;1;1;0
2024;322;1484730;Segurança Da Informação;06;Computação e Tecnologias da Informação e Comunicação (TIC);Segurança da informação;3;2;2;Sudeste;MG;Bom Despacho;0;0;0;0;0
2024;322;1286800;Análise E Desenvolvimento De Sistemas;06;Computação e Tecnologias da Informação e Comunicação (TIC);Sistemas de informação;3;2;2;Sudeste;MG;Bueno Brandão;0;0;0;0;0
2024;322;1131979;Gestão Da Tecnologia Da Informação;06;Computação e Tecnologias da Informação e Comunicação (TIC);Gestão da tecnologia da informação;3;2;2;Sudeste;MG;Bueno Brandão;0;0;0;0;0
2024;322;1131979;Gestão Da Tecnologia Da Informação;06;Computação e Tecnologias da Informação e Comunicação (TIC);Gestão da tecnologia da informação;3;2;2;Sudeste;MG;Cambuí;0;0;0;1;0
2024;322;1382607;Redes De Computadores;06;Computação e Tecnologias da Informação e Comunicação (TIC);Redes de computadores;3;2;2;Sudeste;MG;Cambuí;0;0;0;0;0
2024;322;1286800;Análise E Desenvolvimento De Sistemas;06;Computação e Tecnologias da Informação e Comunicação (TIC);Sistemas de informação;3;2;2;Sudeste;MG;Campina Verde;0;0;1;0;0
2024;322;1286800;Análise E Desenvolvimento De Sistemas;06;Computação e Tecnologias da Informação e Comunicação (TIC);Sistemas de informação;3;2;2;Sudeste;MG;Carangola;0;0;0;0;0
2024;322;1131979;Gestão Da Tecnologia Da Informação;06;Computação e Tecnologias da Informação e Comunicação (TIC);Gestão da tecnologia da informação;3;2;2;Sudeste;MG;Caxambu;0;0;1;0;0
2024;322;1286800;Análise E Desenvolvimento De Sistemas;06;Computação e Tecnologias da Informação e Comunicação (TIC);Sistemas de informação;3;2;2;Sudeste;MG;Conselheiro Lafaiete;0;0;1;0;0
2024;322;1551097;Ciência Da Computação;06;Computação e Tecnologias da Informação e Comunicação (TIC);Ciência da computação;1;2;2;Sudeste;MG;Conselheiro Lafaiete;0;0;0;2;0
2024;322;1131979;Gestão Da Tecnologia Da Informação;06;Computação e Tecnologias da Informação e Comunicação (TIC);Gestão da tecnologia da informação;3;2;2;Sudeste;MG;Conselheiro Lafaiete;0;0;0;0;0
2024;322;1484730;Segurança Da Informação;06;Computação e Tecnologias da Informação e Comunicação (TIC);Segurança da informação;3;2;2;Sudeste;MG;Conselheiro Lafaiete;0;0;0;0;0
2024;322;1286800;Análise E Desenvolvimento De Sistemas;06;Computação e Tecnologias da Informação e Comunicação (TIC);Sistemas de informação;3;2;2;Sudeste;MG;Contagem;0;0;0;2;1
2024;322;1382607;Redes De Computadores;06;Computação e Tecnologias da Informação e Comunicação (TIC);Redes de computadores;3;2;2;Sudeste;MG;Contagem;0;0;0;0;0
2024;322;1131979;Gestão Da Tecnologia Da Informação;06;Computação e Tecnologias da Informação e Comunicação (TIC);Gestão da tecnologia da informação;3;2;2;Sudeste;MG;Coração de Jesus;0;0;0;1;1
2024;322;1382607;Redes De Computadores;06;Computação e Tecnologias da Informação e Comunicação (TIC);Redes de computadores;3;2;2;Sudeste;MG;Diamantina;0;0;0;0;0
2024;322;1286800;Análise E Desenvolvimento De Sistemas;06;Computação e Tecnologias da Informação e Comunicação (TIC);Sistemas de informação;3;2;2;Sudeste;MG;Divinópolis;0;0;2;2;0
2024;322;1551097;Ciência Da Computação;06;Computação e Tecnologias da Informação e Comunicação (TIC);Ciência da computação;1;2;2;Sudeste;MG;Divinópolis;0;0;0;3;0
2024;322;1382607;Redes De Computadores;06;Computação e Tecnologias da Informação e Comunicação (TIC);Redes de computadores;3;2;2;Sudeste;MG;Divinópolis;0;0;0;0;0
2024;322;1484730;Segurança Da Informação;06;Computação e Tecnologias da Informação e Comunicação (TIC);Segurança da informação;3;2;2;Sudeste;MG;Divinópolis;0;0;0;0;0
2024;322;1286800;Análise E Desenvolvimento De Sistemas;06;Computação e Tecnologias da Informação e Comunicação (TIC);Sistemas de informação;3;2;2;Sudeste;MG;Extrema;0;0;0;0;0
2024;322;1131979;Gestão Da Tecnologia Da Informação;06;Computação e Tecnologias da Informação e Comunicação (TIC);Gestão da tecnologia da informação;3;2;2;Sudeste;MG;Extrema;0;0;0;0;0
2024;322;1382607;Redes De Computadores;06;Computação e Tecnologias da Informação e Comunicação (TIC);Redes de computadores;3;2;2;Sudeste;MG;Extrema;0;0;1;1;0
2024;322;1484730;Segurança Da Informação;06;Computação e Tecnologias da Informação e Comunicação (TIC);Segurança da informação;3;2;2;Sudeste;MG;Extrema;0;0;0;0;0
2024;322;1286800;Análise E Desenvolvimento De Sistemas;06;Computação e Tecnologias da Informação e Comunicação (TIC);Sistemas de informação;3;2;2;Sudeste;MG;Guanhães;0;0;0;0;0
2024;322;1131979;Gestão Da Tecnologia Da Informação;06;Computação e Tecnologias da Informação e Comunicação (TIC);Gestão da tecnologia da informação;3;2;2;Sudeste;MG;Guaxupé;0;0;0;1;1
2024;322;1382607;Redes De Computadores;06;Computação e Tecnologias da Informação e Comunicação (TIC);Redes de computadores;3;2;2;Sudeste;MG;Guaxupé;0;0;0;0;0
2024;322;1286800;Análise E Desenvolvimento De Sistemas;06;Computação e Tecnologias da Informação e Comunicação (TIC);Sistemas de informação;3;2;2;Sudeste;MG;Ipatinga;0;0;2;1;0
2024;322;1551097;Ciência Da Computação;06;Computação e Tecnologias da Informação e Comunicação (TIC);Ciência da computação;1;2;2;Sudeste;MG;Ipatinga;0;0;0;2;0
2024;322;1382607;Redes De Computadores;06;Computação e Tecnologias da Informação e Comunicação (TIC);Redes de computadores;3;2;2;Sudeste;MG;Ipatinga;0;0;1;1;0
2024;322;1484730;Segurança Da Informação;06;Computação e Tecnologias da Informação e Comunicação (TIC);Segurança da informação;3;2;2;Sudeste;MG;Ipatinga;0;0;0;2;2
2024;322;1382607;Redes De Computadores;06;Computação e Tecnologias da Informação e Comunicação (TIC);Redes de computadores;3;2;2;Sudeste;MG;Itaúna;0;0;0;0;0
2024;322;1286800;Análise E Desenvolvimento De Sistemas;06;Computação e Tecnologias da Informação e Comunicação (TIC);Sistemas de informação;3;2;2;Sudeste;MG;Iturama;0;0;0;2;0
2024;322;1551097;Ciência Da Computação;06;Computação e Tecnologias da Informação e Comunicação (TIC);Ciência da computação;1;2;2;Sudeste;MG;Iturama;0;0;2;2;0
2024;322;1484730;Segurança Da Informação;06;Computação e Tecnologias da Informação e Comunicação (TIC);Segurança da informação;3;2;2;Sudeste;MG;Iturama;0;0;0;0;0
2024;322;1286800;Análise E Desenvolvimento De Sistemas;06;Computação e Tecnologias da Informação e Comunicação (TIC);Sistemas de informação;3;2;2;Sudeste;MG;Jacutinga;0;0;5;5;0
2024;322;1551097;Ciência Da Computação;06;Computação e Tecnologias da Informação e Comunicação (TIC);Ciência da computação;1;2;2;Sudeste;MG;Jacutinga;0;0;2;1;0
2024;322;1131979;Gestão Da Tecnologia Da Informação;06;Computação e Tecnologias da Informação e Comunicação (TIC);Gestão da tecnologia da informação;3;2;2;Sudeste;MG;Jacutinga;0;0;0;0;0
2024;322;1382607;Redes De Computadores;06;Computação e Tecnologias da Informação e Comunicação (TIC);Redes de computadores;3;2;2;Sudeste;MG;Jacutinga;0;0;1;0;0
2024;322;1286800;Análise E Desenvolvimento De Sistemas;06;Computação e Tecnologias da Informação e Comunicação (TIC);Sistemas de informação;3;2;2;Sudeste;MG;Juiz de Fora;0;0;3;3;2
2024;322;1551097;Ciência Da Computação;06;Computação e Tecnologias da Informação e Comunicação (TIC);Ciência da computação;1;2;2;Sudeste;MG;Juiz de Fora;0;0;1;3;0
2024;322;1131979;Gestão Da Tecnologia Da Informação;06;Computação e Tecnologias da Informação e Comunicação (TIC);Gestão da tecnologia da informação;3;2;2;Sudeste;MG;Juiz de Fora;0;0;0;0;0
2024;322;1382607;Redes De Computadores;06;Computação e Tecnologias da Informação e Comunicação (TIC);Redes de computadores;3;2;2;Sudeste;MG;Juiz de Fora;0;0;0;1;0
2024;322;1484730;Segurança Da Informação;06;Computação e Tecnologias da Informação e Comunicação (TIC);Segurança da informação;3;2;2;Sudeste;MG;Juiz de Fora;0;0;0;1;0
2024;322;1286800;Análise E Desenvolvimento De Sistemas;06;Computação e Tecnologias da Informação e Comunicação (TIC);Sistemas de informação;3;2;2;Sudeste;MG;Leopoldina;0;0;0;0;0
2024;322;1382607;Redes De Computadores;06;Computação e Tecnologias da Informação e Comunicação (TIC);Redes de computadores;3;2;2;Sudeste;MG;Manhumirim;0;0;0;0;0
2024;322;1131979;Gestão Da Tecnologia Da Informação;06;Computação e Tecnologias da Informação e Comunicação (TIC);Gestão da tecnologia da informação;3;2;2;Sudeste;MG;Monte Santo de Minas;0;0;0;0;0
2024;322;1131979;Gestão Da Tecnologia Da Informação;06;Computação e Tecnologias da Informação e Comunicação (TIC);Gestão da tecnologia da informação;3;2;2;Sudeste;MG;Montes Claros;0;0;0;0;0
2024;322;1484730;Segurança Da Informação;06;Computação e Tecnologias da Informação e Comunicação (TIC);Segurança da informação;3;2;2;Sudeste;MG;Montes Claros;0;0;0;1;0
2024;322;1286800;Análise E Desenvolvimento De Sistemas;06;Computação e Tecnologias da Informação e Comunicação (TIC);Sistemas de informação;3;2;2;Sudeste;MG;Muzambinho;0;0;2;1;0
2024;322;1131979;Gestão Da Tecnologia Da Informação;06;Computação e Tecnologias da Informação e Comunicação (TIC);Gestão da tecnologia da informação;3;2;2;Sudeste;MG;Muzambinho;0;0;1;1;0
2024;322;1382607;Redes De Computadores;06;Computação e Tecnologias da Informação e Comunicação (TIC);Redes de computadores;3;2;2;Sudeste;MG;Muzambinho;0;0;0;0;0
2024;322;1286800;Análise E Desenvolvimento De Sistemas;06;Computação e Tecnologias da Informação e Comunicação (TIC);Sistemas de informação;3;2;2;Sudeste;MG;Ouro Fino;0;0;2;1;0
2024;322;1551097;Ciência Da Computação;06;Computação e Tecnologias da Informação e Comunicação (TIC);Ciência da computação;1;2;2;Sudeste;MG;Ouro Fino;0;0;0;1;0
2024;322;1131979;Gestão Da Tecnologia Da Informação;06;Computação e Tecnologias da Informação e Comunicação (TIC);Gestão da tecnologia da informação;3;2;2;Sudeste;MG;Ouro Fino;0;0;0;0;0
2024;322;1382607;Redes De Computadores;06;Computação e Tecnologias da Informação e Comunicação (TIC);Redes de computadores;3;2;2;Sudeste;MG;Ouro Fino;0;0;0;0;0
2024;322;1286800;Análise E Desenvolvimento De Sistemas;06;Computação e Tecnologias da Informação e Comunicação (TIC);Sistemas de informação;3;2;2;Sudeste;MG;Paraisópolis;0;0;6;5;0
2024;322;1551097;Ciência Da Computação;06;Computação e Tecnologias da Informação e Comunicação (TIC);Ciência da computação;1;2;2;Sudeste;MG;Paraisópolis;0;0;2;1;0
2024;322;1131979;Gestão Da Tecnologia Da Informação;06;Computação e Tecnologias da Informação e Comunicação (TIC);Gestão da tecnologia da informação;3;2;2;Sudeste;MG;Paraisópolis;0;0;0;1;0
2024;322;1286800;Análise E Desenvolvimento De Sistemas;06;Computação e Tecnologias da Informação e Comunicação (TIC);Sistemas de informação;3;2;2;Sudeste;MG;Passa Quatro;0;0;1;1;0
2024;322;1551097;Ciência Da Computação;06;Computação e Tecnologias da Informação e Comunicação (TIC);Ciência da computação;1;2;2;Sudeste;MG;Passa Quatro;0;0;3;4;0
2024;322;1131979;Gestão Da Tecnologia Da Informação;06;Computação e Tecnologias da Informação e Comunicação (TIC);Gestão da tecnologia da informação;3;2;2;Sudeste;MG;Passa Quatro;0;0;1;1;1
2024;322;1286800;Análise E Desenvolvimento De Sistemas;06;Computação e Tecnologias da Informação e Comunicação (TIC);Sistemas de informação;3;2;2;Sudeste;MG;Passos;0;0;0;3;1
2024;322;1551097;Ciência Da Computação;06;Computação e Tecnologias da Informação e Comunicação (TIC);Ciência da computação;1;2;2;Sudeste;MG;Passos;0;0;0;3;0
2024;322;1131979;Gestão Da Tecnologia Da Informação;06;Computação e Tecnologias da Informação e Comunicação (TIC);Gestão da tecnologia da informação;3;2;2;Sudeste;MG;Passos;0;0;0;1;0
2024;322;1382607;Redes De Computadores;06;Computação e Tecnologias da Informação e Comunicação (TIC);Redes de computadores;3;2;2;Sudeste;MG;Passos;0;0;0;1;0
2024;322;1286800;Análise E Desenvolvimento De Sistemas;06;Computação e Tecnologias da Informação e Comunicação (TIC);Sistemas de informação;3;2;2;Sudeste;MG;Patos de Minas;0;0;0;1;0
2024;322;1551097;Ciência Da Computação;06;Computação e Tecnologias da Informação e Comunicação (TIC);Ciência da computação;1;2;2;Sudeste;MG;Patos de Minas;0;0;0;1;0
2024;322;1382607;Redes De Computadores;06;Computação e Tecnologias da Informação e Comunicação (TIC);Redes de computadores;3;2;2;Sudeste;MG;Patos de Minas;0;0;0;0;0
2024;322;1286800;Análise E Desenvolvimento De Sistemas;06;Computação e Tecnologias da Informação e Comunicação (TIC);Sistemas de informação;3;2;2;Sudeste;MG;Pirapora;0;0;4;4;0
2024;322;1551097;Ciência Da Computação;06;Computação e Tecnologias da Informação e Comunicação (TIC);Ciência da computação;1;2;2;Sudeste;MG;Pirapora;0;0;3;1;0
2024;322;1382607;Redes De Computadores;06;Computação e Tecnologias da Informação e Comunicação (TIC);Redes de computadores;3;2;2;Sudeste;MG;Pirapora;0;0;1;1;0
2024;322;1286800;Análise E Desenvolvimento De Sistemas;06;Computação e Tecnologias da Informação e Comunicação (TIC);Sistemas de informação;3;2;2;Sudeste;MG;Planura;0;0;0;0;0
2024;322;1484730;Segurança Da Informação;06;Computação e Tecnologias da Informação e Comunicação (TIC);Segurança da informação;3;2;2;Sudeste;MG;Planura;0;0;0;1;0
2024;322;1286800;Análise E Desenvolvimento De Sistemas;06;Computação e Tecnologias da Informação e Comunicação (TIC);Sistemas de informação;3;2;2;Sudeste;MG;Pouso Alegre;0;0;3;4;0
2024;322;1131979;Gestão Da Tecnologia Da Informação;06;Computação e Tecnologias da Informação e Comunicação (TIC);Gestão da tecnologia da informação;3;2;2;Sudeste;MG;Pouso Alegre;0;0;1;0;0
2024;322;1382607;Redes De Computadores;06;Computação e Tecnologias da Informação e Comunicação (TIC);Redes de computadores;3;2;2;Sudeste;MG;Pouso Alegre;0;0;0;1;0
2024;322;1484730;Segurança Da Informação;06;Computação e Tecnologias da Informação e Comunicação (TIC);Segurança da informação;3;2;2;Sudeste;MG;Pouso Alegre;0;0;0;0;0
2024;322;1286800;Análise E Desenvolvimento De Sistemas;06;Computação e Tecnologias da Informação e Comunicação (TIC);Sistemas de informação;3;2;2;Sudeste;MG;Poços de Caldas;0;0;1;0;0
2024;322;1551097;Ciência Da Computação;06;Computação e Tecnologias da Informação e Comunicação (TIC);Ciência da computação;1;2;2;Sudeste;MG;Poços de Caldas;0;0;5;1;0
2024;322;1131979;Gestão Da Tecnologia Da Informação;06;Computação e Tecnologias da Informação e Comunicação (TIC);Gestão da tecnologia da informação;3;2;2;Sudeste;MG;Poços de Caldas;0;0;1;0;0
2024;322;1382607;Redes De Computadores;06;Computação e Tecnologias da Informação e Comunicação (TIC);Redes de computadores;3;2;2;Sudeste;MG;Poços de Caldas;0;0;0;0;0
2024;322;1286800;Análise E Desenvolvimento De Sistemas;06;Computação e Tecnologias da Informação e Comunicação (TIC);Sistemas de informação;3;2;2;Sudeste;MG;Salinas;0;0;3;3;1
2024;322;1286800;Análise E Desenvolvimento De Sistemas;06;Computação e Tecnologias da Informação e Comunicação (TIC);Sistemas de informação;3;2;2;Sudeste;MG;São Gonçalo do Sapucaí;0;0;1;0;0
2024;322;1551097;Ciência Da Computação;06;Computação e Tecnologias da Informação e Comunicação (TIC);Ciência da computação;1;2;2;Sudeste;MG;São Gonçalo do Sapucaí;0;0;1;0;0
2024;322;1131979;Gestão Da Tecnologia Da Informação;06;Computação e Tecnologias da Informação e Comunicação (TIC);Gestão da tecnologia da informação;3;2;2;Sudeste;MG;São Gonçalo do Sapucaí;0;0;0;0;0
2024;322;1551097;Ciência Da Computação;06;Computação e Tecnologias da Informação e Comunicação (TIC);Ciência da computação;1;2;2;Sudeste;MG;São João del Rei;0;0;0;0;0
2024;322;1131979;Gestão Da Tecnologia Da Informação;06;Computação e Tecnologias da Informação e Comunicação (TIC);Gestão da tecnologia da informação;3;2;2;Sudeste;MG;São João del Rei;0;0;0;0;0
2024;322;1484730;Segurança Da Informação;06;Computação e Tecnologias da Informação e Comunicação (TIC);Segurança da informação;3;2;2;Sudeste;MG;São João del Rei;0;0;0;0;0
2024;322;1286800;Análise E Desenvolvimento De Sistemas;06;Computação e Tecnologias da Informação e Comunicação (TIC);Sistemas de informação;3;2;2;Sudeste;MG;São Sebastião do Paraíso;0;0;2;0;0
2024;322;1551097;Ciência Da Computação;06;Computação e Tecnologias da Informação e Comunicação (TIC);Ciência da computação;1;2;2;Sudeste;MG;São Sebastião do Paraíso;0;0;2;1;0
2024;322;1131979;Gestão Da Tecnologia Da Informação;06;Computação e Tecnologias da Informação e Comunicação (TIC);Gestão da tecnologia da informação;3;2;2;Sudeste;MG;São Sebastião do Paraíso;0;0;1;0;0
2024;322;1484730;Segurança Da Informação;06;Computação e Tecnologias da Informação e Comunicação (TIC);Segurança da informação;3;2;2;Sudeste;MG;São Sebastião do Paraíso;0;0;0;1;1
2024;322;1286800;Análise E Desenvolvimento De Sistemas;06;Computação e Tecnologias da Informação e Comunicação (TIC);Sistemas de informação;3;2;2;Sudeste;MG;Teófilo Otoni;0;0;1;0;0
2024;322;1551097;Ciência Da Computação;06;Computação e Tecnologias da Informação e Comunicação (TIC);Ciência da computação;1;2;2;Sudeste;MG;Teófilo Otoni;0;0;0;0;0
2024;322;1286800;Análise E Desenvolvimento De Sistemas;06;Computação e Tecnologias da Informação e Comunicação (TIC);Sistemas de informação;3;2;2;Sudeste;MG;Três Corações;0;0;0;2;1
2024;322;1551097;Ciência Da Computação;06;Computação e Tecnologias da Informação e Comunicação (TIC);Ciência da computação;1;2;2;Sudeste;MG;Três Corações;0;0;1;1;0
2024;322;1131979;Gestão Da Tecnologia Da Informação;06;Computação e Tecnologias da Informação e Comunicação (TIC);Gestão da tecnologia da informação;3;2;2;Sudeste;MG;Três Corações;0;0;0;0;0
2024;322;1382607;Redes De Computadores;06;Computação e Tecnologias da Informação e Comunicação (TIC);Redes de computadores;3;2;2;Sudeste;MG;Três Corações;0;0;2;2;0
2024;322;1286800;Análise E Desenvolvimento De Sistemas;06;Computação e Tecnologias da Informação e Comunicação (TIC);Sistemas de informação;3;2;2;Sudeste;MG;Uberaba;0;0;1;1;1
2024;322;1131979;Gestão Da Tecnologia Da Informação;06;Computação e Tecnologias da Informação e Comunicação (TIC);Gestão da tecnologia da informação;3;2;2;Sudeste;MG;Uberaba;0;0;0;0;0
2024;322;1382607;Redes De Computadores;06;Computação e Tecnologias da Informação e Comunicação (TIC);Redes de computadores;3;2;2;Sudeste;MG;Uberaba;0;0;0;2;0
2024;322;1484730;Segurança Da Informação;06;Computação e Tecnologias da Informação e Comunicação (TIC);Segurança da informação;3;2;2;Sudeste;MG;Uberaba;0;0;1;0;0
2024;322;1286800;Análise E Desenvolvimento De Sistemas;06;Computação e Tecnologias da Informação e Comunicação (TIC);Sistemas de informação;3;2;2;Sudeste;MG;Uberlândia;0;0;8;8;4
2024;322;1551097;Ciência Da Computação;06;Computação e Tecnologias da Informação e Comunicação (TIC);Ciência da computação;1;2;2;Sudeste;MG;Uberlândia;0;0;3;2;0
2024;322;1131979;Gestão Da Tecnologia Da Informação;06;Computação e Tecnologias da Informação e Comunicação (TIC);Gestão da tecnologia da informação;3;2;2;Sudeste;MG;Uberlândia;0;0;1;2;1
2024;322;1382607;Redes De Computadores;06;Computação e Tecnologias da Informação e Comunicação (TIC);Redes de computadores;3;2;2;Sudeste;MG;Uberlândia;0;0;4;3;0
2024;322;1484730;Segurança Da Informação;06;Computação e Tecnologias da Informação e Comunicação (TIC);Segurança da informação;3;2;2;Sudeste;MG;Uberlândia;0;0;2;4;0
2024;322;1286800;Análise E Desenvolvimento De Sistemas;06;Computação e Tecnologias da Informação e Comunicação (TIC);Sistemas de informação;3;2;2;Sudeste;MG;Unaí;0;0;0;5;2
2024;322;1551097;Ciência Da Computação;06;Computação e Tecnologias da Informação e Comunicação (TIC);Ciência da computação;1;2;2;Sudeste;MG;Unaí;0;0;0;2;0
2024;322;1131979;Gestão Da Tecnologia Da Informação;06;Computação e Tecnologias da Informação e Comunicação (TIC);Gestão da tecnologia da informação;3;2;2;Sudeste;MG;Unaí;0;0;0;1;1
2024;322;1382607;Redes De Computadores;06;Computação e Tecnologias da Informação e Comunicação (TIC);Redes de computadores;3;2;2;Sudeste;MG;Unaí;0;0;0;0;0
2024;322;1484730;Segurança Da Informação;06;Computação e Tecnologias da Informação e Comunicação (TIC);Segurança da informação;3;2;2;Sudeste;MG;Unaí;0;0;0;2;0
2024;322;1131979;Gestão Da Tecnologia Da Informação;06;Computação e Tecnologias da Informação e Comunicação (TIC);Gestão da tecnologia da informação;3;2;2;Sudeste;RJ;Barra do Piraí;0;0;2;1;0
2024;322;1382607;Redes De Computadores;06;Computação e Tecnologias da Informação e Comunicação (TIC);Redes de computadores;3;2;2;Sudeste;RJ;Barra do Piraí;0;0;0;2;2
2024;322;1484730;Segurança Da Informação;06;Computação e Tecnologias da Informação e Comunicação (TIC);Segurança da informação;3;2;2;Sudeste;RJ;Barra do Piraí;0;0;0;1;1
2024;322;1286800;Análise E Desenvolvimento De Sistemas;06;Computação e Tecnologias da Informação e Comunicação (TIC);Sistemas de informação;3;2;2;Sudeste;RJ;Duque de Caxias;0;0;0;1;1
2024;322;1131979;Gestão Da Tecnologia Da Informação;06;Computação e Tecnologias da Informação e Comunicação (TIC);Gestão da tecnologia da informação;3;2;2;Sudeste;RJ;Duque de Caxias;0;0;0;0;0
2024;322;1484730;Segurança Da Informação;06;Computação e Tecnologias da Informação e Comunicação (TIC);Segurança da informação;3;2;2;Sudeste;RJ;Duque de Caxias;0;0;1;1;0
2024;322;1286800;Análise E Desenvolvimento De Sistemas;06;Computação e Tecnologias da Informação e Comunicação (TIC);Sistemas de informação;3;2;2;Sudeste;RJ;Miracema;0;0;0;1;0
2024;322;1551097;Ciência Da Computação;06;Computação e Tecnologias da Informação e Comunicação (TIC);Ciência da computação;1;2;2;Sudeste;RJ;Miracema;0;0;0;1;0
2024;322;1131979;Gestão Da Tecnologia Da Informação;06;Computação e Tecnologias da Informação e Comunicação (TIC);Gestão da tecnologia da informação;3;2;2;Sudeste;RJ;Miracema;0;0;0;1;0
2024;322;1286800;Análise E Desenvolvimento De Sistemas;06;Computação e Tecnologias da Informação e Comunicação (TIC);Sistemas de informação;3;2;2;Sudeste;RJ;Niterói;0;0;0;1;0
2024;322;1551097;Ciência Da Computação;06;Computação e Tecnologias da Informação e Comunicação (TIC);Ciência da computação;1;2;2;Sudeste;RJ;Niterói;0;0;0;0;0
2024;322;1131979;Gestão Da Tecnologia Da Informação;06;Computação e Tecnologias da Informação e Comunicação (TIC);Gestão da tecnologia da informação;3;2;2;Sudeste;RJ;Niterói;0;0;0;0;0
2024;322;1382607;Redes De Computadores;06;Computação e Tecnologias da Informação e Comunicação (TIC);Redes de computadores;3;2;2;Sudeste;RJ;Niterói;0;0;0;1;0
2024;322;1484730;Segurança Da Informação;06;Computação e Tecnologias da Informação e Comunicação (TIC);Segurança da informação;3;2;2;Sudeste;RJ;Niterói;0;0;1;1;0
2024;322;1286800;Análise E Desenvolvimento De Sistemas;06;Computação e Tecnologias da Informação e Comunicação (TIC);Sistemas de informação;3;2;2;Sudeste;RJ;Nova Friburgo;0;0;0;1;1
2024;322;1382607;Redes De Computadores;06;Computação e Tecnologias da Informação e Comunicação (TIC);Redes de computadores;3;2;2;Sudeste;RJ;Nova Friburgo;0;0;0;1;0
2024;322;1131979;Gestão Da Tecnologia Da Informação;06;Computação e Tecnologias da Informação e Comunicação (TIC);Gestão da tecnologia da informação;3;2;2;Sudeste;RJ;Nova Iguaçu;0;0;2;3;0
2024;322;1382607;Redes De Computadores;06;Computação e Tecnologias da Informação e Comunicação (TIC);Redes de computadores;3;2;2;Sudeste;RJ;Nova Iguaçu;0;0;0;2;2
2024;322;1286800;Análise E Desenvolvimento De Sistemas;06;Computação e Tecnologias da Informação e Comunicação (TIC);Sistemas de informação;3;2;2;Sudeste;RJ;Porto Real;0;0;3;3;0
2024;322;1551097;Ciência Da Computação;06;Computação e Tecnologias da Informação e Comunicação (TIC);Ciência da computação;1;2;2;Sudeste;RJ;Porto Real;0;0;0;1;0
2024;322;1131979;Gestão Da Tecnologia Da Informação;06;Computação e Tecnologias da Informação e Comunicação (TIC);Gestão da tecnologia da informação;3;2;2;Sudeste;RJ;Porto Real;0;0;1;1;1
2024;322;1484730;Segurança Da Informação;06;Computação e Tecnologias da Informação e Comunicação (TIC);Segurança da informação;3;2;2;Sudeste;RJ;Porto Real;0;0;0;1;0
2024;322;1286800;Análise E Desenvolvimento De Sistemas;06;Computação e Tecnologias da Informação e Comunicação (TIC);Sistemas de informação;3;2;2;Sudeste;RJ;Rio das Ostras;0;0;0;0;0
2024;322;1551097;Ciência Da Computação;06;Computação e Tecnologias da Informação e Comunicação (TIC);Ciência da computação;1;2;2;Sudeste;RJ;Rio das Ostras;0;0;0;0;0
2024;322;1131979;Gestão Da Tecnologia Da Informação;06;Computação e Tecnologias da Informação e Comunicação (TIC);Gestão da tecnologia da informação;3;2;2;Sudeste;RJ;Rio das Ostras;0;0;0;1;0
2024;322;1484730;Segurança Da Informação;06;Computação e Tecnologias da Informação e Comunicação (TIC);Segurança da informação;3;2;2;Sudeste;RJ;Rio das Ostras;0;0;0;0;0
2024;322;1286800;Análise E Desenvolvimento De Sistemas;06;Computação e Tecnologias da Informação e Comunicação (TIC);Sistemas de informação;3;2;2;Sudeste;RJ;Rio de Janeiro;0;0;6;8;3
2024;322;1551097;Ciência Da Computação;06;Computação e Tecnologias da Informação e Comunicação (TIC);Ciência da computação;1;2;2;Sudeste;RJ;Rio de Janeiro;0;0;0;7;0
2024;322;1131979;Gestão Da Tecnologia Da Informação;06;Computação e Tecnologias da Informação e Comunicação (TIC);Gestão da tecnologia da informação;3;2;2;Sudeste;RJ;Rio de Janeiro;0;0;6;7;1
2024;322;1382607;Redes De Computadores;06;Computação e Tecnologias da Informação e Comunicação (TIC);Redes de computadores;3;2;2;Sudeste;RJ;Rio de Janeiro;0;0;0;4;1
2024;322;1484730;Segurança Da Informação;06;Computação e Tecnologias da Informação e Comunicação (TIC);Segurança da informação;3;2;2;Sudeste;RJ;Rio de Janeiro;0;0;1;1;0
2024;322;1286800;Análise E Desenvolvimento De Sistemas;06;Computação e Tecnologias da Informação e Comunicação (TIC);Sistemas de informação;3;2;2;Sudeste;RJ;Teresópolis;0;0;0;1;0
2024;322;1551097;Ciência Da Computação;06;Computação e Tecnologias da Informação e Comunicação (TIC);Ciência da computação;1;2;2;Sudeste;RJ;Teresópolis;0;0;0;1;0
2024;322;1484730;Segurança Da Informação;06;Computação e Tecnologias da Informação e Comunicação (TIC);Segurança da informação;3;2;2;Sudeste;RJ;Teresópolis;0;0;0;2;1
2024;322;1286800;Análise E Desenvolvimento De Sistemas;06;Computação e Tecnologias da Informação e Comunicação (TIC);Sistemas de informação;3;2;2;Sudeste;RJ;Volta Redonda;0;0;4;5;2
2024;322;1551097;Ciência Da Computação;06;Computação e Tecnologias da Informação e Comunicação (TIC);Ciência da computação;1;2;2;Sudeste;RJ;Volta Redonda;0;0;0;3;0
2024;322;1131979;Gestão Da Tecnologia Da Informação;06;Computação e Tecnologias da Informação e Comunicação (TIC);Gestão da tecnologia da informação;3;2;2;Sudeste;RJ;Volta Redonda;0;0;1;1;0
2024;322;1484730;Segurança Da Informação;06;Computação e Tecnologias da Informação e Comunicação (TIC);Segurança da informação;3;2;2;Sudeste;RJ;Volta Redonda;0;0;1;2;1
2024;322;1286800;Análise E Desenvolvimento De Sistemas;06;Computação e Tecnologias da Informação e Comunicação (TIC);Sistemas de informação;3;2;2;Sudeste;SP;Adamantina;0;0;3;2;0
2024;322;1131979;Gestão Da Tecnologia Da Informação;06;Computação e Tecnologias da Informação e Comunicação (TIC);Gestão da tecnologia da informação;3;2;2;Sudeste;SP;Adamantina;0;0;0;0;0
2024;322;1382607;Redes De Computadores;06;Computação e Tecnologias da Informação e Comunicação (TIC);Redes de computadores;3;2;2;Sudeste;SP;Adamantina;0;0;0;1;1
2024;322;1484730;Segurança Da Informação;06;Computação e Tecnologias da Informação e Comunicação (TIC);Segurança da informação;3;2;2;Sudeste;SP;Adamantina;0;0;0;0;0
2024;322;1286800;Análise E Desenvolvimento De Sistemas;06;Computação e Tecnologias da Informação e Comunicação (TIC);Sistemas de informação;3;2;2;Sudeste;SP;Agudos;0;0;0;0;0
2024;322;1131979;Gestão Da Tecnologia Da Informação;06;Computação e Tecnologias da Informação e Comunicação (TIC);Gestão da tecnologia da informação;3;2;2;Sudeste;SP;Agudos;0;0;0;1;0
2024;322;1484730;Segurança Da Informação;06;Computação e Tecnologias da Informação e Comunicação (TIC);Segurança da informação;3;2;2;Sudeste;SP;Agudos;0;0;0;1;1
2024;322;1286800;Análise E Desenvolvimento De Sistemas;06;Computação e Tecnologias da Informação e Comunicação (TIC);Sistemas de informação;3;2;2;Sudeste;SP;Americana;0;0;47;46;9
2024;322;1551097;Ciência Da Computação;06;Computação e Tecnologias da Informação e Comunicação (TIC);Ciência da computação;1;2;2;Sudeste;SP;Americana;0;0;11;6;0
2024;322;1131979;Gestão Da Tecnologia Da Informação;06;Computação e Tecnologias da Informação e Comunicação (TIC);Gestão da tecnologia da informação;3;2;2;Sudeste;SP;Americana;0;0;7;6;3
2024;322;1382607;Redes De Computadores;06;Computação e Tecnologias da Informação e Comunicação (TIC);Redes de computadores;3;2;2;Sudeste;SP;Americana;0;0;0;1;0
2024;322;1484730;Segurança Da Informação;06;Computação e Tecnologias da Informação e Comunicação (TIC);Segurança da informação;3;2;2;Sudeste;SP;Americana;0;0;7;6;1
2024;322;1286800;Análise E Desenvolvimento De Sistemas;06;Computação e Tecnologias da Informação e Comunicação (TIC);Sistemas de informação;3;2;2;Sudeste;SP;Amparo;0;0;21;24;6
2024;322;1551097;Ciência Da Computação;06;Computação e Tecnologias da Informação e Comunicação (TIC);Ciência da computação;1;2;2;Sudeste;SP;Amparo;0;0;8;7;0
2024;322;1131979;Gestão Da Tecnologia Da Informação;06;Computação e Tecnologias da Informação e Comunicação (TIC);Gestão da tecnologia da informação;3;2;2;Sudeste;SP;Amparo;0;0;5;4;0
2024;322;1382607;Redes De Computadores;06;Computação e Tecnologias da Informação e Comunicação (TIC);Redes de computadores;3;2;2;Sudeste;SP;Amparo;0;0;3;2;0
2024;322;1484730;Segurança Da Informação;06;Computação e Tecnologias da Informação e Comunicação (TIC);Segurança da informação;3;2;2;Sudeste;SP;Amparo;0;0;2;1;0
2024;322;1402587;Análise E Desenvolvimento De Sistemas;06;Computação e Tecnologias da Informação e Comunicação (TIC);Sistemas de informação;3;1;1;Sudeste;SP;Araraquara;242;460;226;207;51
2024;322;18826;Ciência Da Computação;06;Computação e Tecnologias da Informação e Comunicação (TIC);Ciência da computação;1;1;1;Sudeste;SP;Araraquara;118;170;82;142;11
2024;322;1286800;Análise E Desenvolvimento De Sistemas;06;Computação e Tecnologias da Informação e Comunicação (TIC);Sistemas de informação;3;2;2;Sudeste;SP;Araraquara;0;0;98;84;24
2024;322;1551097;Ciência Da Computação;06;Computação e Tecnologias da Informação e Comunicação (TIC);Ciência da computação;1;2;2;Sudeste;SP;Araraquara;0;0;10;8;0
2024;322;1131979;Gestão Da Tecnologia Da Informação;06;Computação e Tecnologias da Informação e Comunicação (TIC);Gestão da tecnologia da informação;3;2;2;Sudeste;SP;Araraquara;0;0;15;7;1
2024;322;1382607;Redes De Computadores;06;Computação e Tecnologias da Informação e Comunicação (TIC);Redes de computadores;3;2;2;Sudeste;SP;Araraquara;0;0;1;1;0
2024;322;1484730;Segurança Da Informação;06;Computação e Tecnologias da Informação e Comunicação (TIC);Segurança da informação;3;2;2;Sudeste;SP;Araraquara;0;0;3;6;4
2024;322;1286800;Análise E Desenvolvimento De Sistemas;06;Computação e Tecnologias da Informação e Comunicação (TIC);Sistemas de informação;3;2;2;Sudeste;SP;Araras;0;0;10;6;2
2024;322;1551097;Ciência Da Computação;06;Computação e Tecnologias da Informação e Comunicação (TIC);Ciência da computação;1;2;2;Sudeste;SP;Araras;0;0;4;1;0
2024;322;1131979;Gestão Da Tecnologia Da Informação;06;Computação e Tecnologias da Informação e Comunicação (TIC);Gestão da tecnologia da informação;3;2;2;Sudeste;SP;Araras;0;0;2;2;1
2024;322;1382607;Redes De Computadores;06;Computação e Tecnologias da Informação e Comunicação (TIC);Redes de computadores;3;2;2;Sudeste;SP;Araras;0;0;1;0;0
2024;322;1521874;Análise E Desenvolvimento De Sistemas;06;Computação e Tecnologias da Informação e Comunicação (TIC);Sistemas de informação;3;1;1;Sudeste;SP;Araçatuba;62;156;56;37;1
2024;322;19525;Ciência Da Computação;06;Computação e Tecnologias da Informação e Comunicação (TIC);Ciência da computação;1;1;1;Sudeste;SP;Araçatuba;66;115;47;71;1
2024;322;1286800;Análise E Desenvolvimento De Sistemas;06;Computação e Tecnologias da Informação e Comunicação (TIC);Sistemas de informação;3;2;2;Sudeste;SP;Araçatuba;0;0;25;11;1
2024;322;1551097;Ciência Da Computação;06;Computação e Tecnologias da Informação e Comunicação (TIC);Ciência da computação;1;2;2;Sudeste;SP;Araçatuba;0;0;7;11;0
2024;322;1131979;Gestão Da Tecnologia Da Informação;06;Computação e Tecnologias da Informação e Comunicação (TIC);Gestão da tecnologia da informação;3;2;2;Sudeste;SP;Araçatuba;0;0;4;5;1
2024;322;1382607;Redes De Computadores;06;Computação e Tecnologias da Informação e Comunicação (TIC);Redes de computadores;3;2;2;Sudeste;SP;Araçatuba;0;0;1;1;0
2024;322;1484730;Segurança Da Informação;06;Computação e Tecnologias da Informação e Comunicação (TIC);Segurança da informação;3;2;2;Sudeste;SP;Araçatuba;0;0;0;0;0
2024;322;1286800;Análise E Desenvolvimento De Sistemas;06;Computação e Tecnologias da Informação e Comunicação (TIC);Sistemas de informação;3;2;2;Sudeste;SP;Artur Nogueira;0;0;10;11;2
2024;322;1551097;Ciência Da Computação;06;Computação e Tecnologias da Informação e Comunicação (TIC);Ciência da computação;1;2;2;Sudeste;SP;Artur Nogueira;0;0;0;2;1
2024;322;1131979;Gestão Da Tecnologia Da Informação;06;Computação e Tecnologias da Informação e Comunicação (TIC);Gestão da tecnologia da informação;3;2;2;Sudeste;SP;Artur Nogueira;0;0;5;1;0
2024;322;1382607;Redes De Computadores;06;Computação e Tecnologias da Informação e Comunicação (TIC);Redes de computadores;3;2;2;Sudeste;SP;Artur Nogueira;0;0;0;0;0
2024;322;1484730;Segurança Da Informação;06;Computação e Tecnologias da Informação e Comunicação (TIC);Segurança da informação;3;2;2;Sudeste;SP;Artur Nogueira;0;0;0;0;0
2024;322;1286800;Análise E Desenvolvimento De Sistemas;06;Computação e Tecnologias da Informação e Comunicação (TIC);Sistemas de informação;3;2;2;Sudeste;SP;Arujá;0;0;9;3;0
2024;322;1551097;Ciência Da Computação;06;Computação e Tecnologias da Informação e Comunicação (TIC);Ciência da computação;1;2;2;Sudeste;SP;Arujá;0;0;0;1;0
2024;322;1131979;Gestão Da Tecnologia Da Informação;06;Computação e Tecnologias da Informação e Comunicação (TIC);Gestão da tecnologia da informação;3;2;2;Sudeste;SP;Arujá;0;0;0;3;1
2024;322;1382607;Redes De Computadores;06;Computação e Tecnologias da Informação e Comunicação (TIC);Redes de computadores;3;2;2;Sudeste;SP;Arujá;0;0;0;1;1
2024;322;1484730;Segurança Da Informação;06;Computação e Tecnologias da Informação e Comunicação (TIC);Segurança da informação;3;2;2;Sudeste;SP;Arujá;0;0;0;0;0
2024;322;1521879;Análise E Desenvolvimento De Sistemas;06;Computação e Tecnologias da Informação e Comunicação (TIC);Sistemas de informação;3;1;1;Sudeste;SP;Assis;84;243;100;71;6
2024;322;1286800;Análise E Desenvolvimento De Sistemas;06;Computação e Tecnologias da Informação e Comunicação (TIC);Sistemas de informação;3;2;2;Sudeste;SP;Assis;0;0;20;14;4
2024;322;1551097;Ciência Da Computação;06;Computação e Tecnologias da Informação e Comunicação (TIC);Ciência da computação;1;2;2;Sudeste;SP;Assis;0;0;4;2;0
2024;322;1131979;Gestão Da Tecnologia Da Informação;06;Computação e Tecnologias da Informação e Comunicação (TIC);Gestão da tecnologia da informação;3;2;2;Sudeste;SP;Assis;0;0;1;0;0
2024;322;1382607;Redes De Computadores;06;Computação e Tecnologias da Informação e Comunicação (TIC);Redes de computadores;3;2;2;Sudeste;SP;Assis;0;0;0;0;0
2024;322;1484730;Segurança Da Informação;06;Computação e Tecnologias da Informação e Comunicação (TIC);Segurança da informação;3;2;2;Sudeste;SP;Assis;0;0;2;1;0
2024;322;1286800;Análise E Desenvolvimento De Sistemas;06;Computação e Tecnologias da Informação e Comunicação (TIC);Sistemas de informação;3;2;2;Sudeste;SP;Atibaia;0;0;9;4;1
2024;322;1551097;Ciência Da Computação;06;Computação e Tecnologias da Informação e Comunicação (TIC);Ciência da computação;1;2;2;Sudeste;SP;Atibaia;0;0;4;1;0
2024;322;1131979;Gestão Da Tecnologia Da Informação;06;Computação e Tecnologias da Informação e Comunicação (TIC);Gestão da tecnologia da informação;3;2;2;Sudeste;SP;Atibaia;0;0;3;4;1
2024;322;1382607;Redes De Computadores;06;Computação e Tecnologias da Informação e Comunicação (TIC);Redes de computadores;3;2;2;Sudeste;SP;Atibaia;0;0;0;1;0
2024;322;1286800;Análise E Desenvolvimento De Sistemas;06;Computação e Tecnologias da Informação e Comunicação (TIC);Sistemas de informação;3;2;2;Sudeste;SP;Avaré;0;0;0;2;0
2024;322;1131979;Gestão Da Tecnologia Da Informação;06;Computação e Tecnologias da Informação e Comunicação (TIC);Gestão da tecnologia da informação;3;2;2;Sudeste;SP;Avaré;0;0;0;0;0
2024;322;1484730;Segurança Da Informação;06;Computação e Tecnologias da Informação e Comunicação (TIC);Segurança da informação;3;2;2;Sudeste;SP;Avaré;0;0;0;0;0
2024;322;1286800;Análise E Desenvolvimento De Sistemas;06;Computação e Tecnologias da Informação e Comunicação (TIC);Sistemas de informação;3;2;2;Sudeste;SP;Barra Bonita;0;0;11;12;0
2024;322;1551097;Ciência Da Computação;06;Computação e Tecnologias da Informação e Comunicação (TIC);Ciência da computação;1;2;2;Sudeste;SP;Barra Bonita;0;0;5;6;0
2024;322;1131979;Gestão Da Tecnologia Da Informação;06;Computação e Tecnologias da Informação e Comunicação (TIC);Gestão da tecnologia da informação;3;2;2;Sudeste;SP;Barra Bonita;0;0;3;0;0
2024;322;1382607;Redes De Computadores;06;Computação e Tecnologias da Informação e Comunicação (TIC);Redes de computadores;3;2;2;Sudeste;SP;Barra Bonita;0;0;0;0;0
2024;322;1286800;Análise E Desenvolvimento De Sistemas;06;Computação e Tecnologias da Informação e Comunicação (TIC);Sistemas de informação;3;2;2;Sudeste;SP;Barueri;0;0;182;157;27
2024;322;1551097;Ciência Da Computação;06;Computação e Tecnologias da Informação e Comunicação (TIC);Ciência da computação;1;2;2;Sudeste;SP;Barueri;0;0;37;34;0
2024;322;1131979;Gestão Da Tecnologia Da Informação;06;Computação e Tecnologias da Informação e Comunicação (TIC);Gestão da tecnologia da informação;3;2;2;Sudeste;SP;Barueri;0;0;57;57;12
2024;322;1382607;Redes De Computadores;06;Computação e Tecnologias da Informação e Comunicação (TIC);Redes de computadores;3;2;2;Sudeste;SP;Barueri;0;0;8;12;4
2024;322;1484730;Segurança Da Informação;06;Computação e Tecnologias da Informação e Comunicação (TIC);Segurança da informação;3;2;2;Sudeste;SP;Barueri;0;0;20;29;7
2024;322;1286800;Análise E Desenvolvimento De Sistemas;06;Computação e Tecnologias da Informação e Comunicação (TIC);Sistemas de informação;3;2;2;Sudeste;SP;Batatais;0;0;0;2;1
2024;322;1382607;Redes De Computadores;06;Computação e Tecnologias da Informação e Comunicação (TIC);Redes de computadores;3;2;2;Sudeste;SP;Batatais;0;0;0;0;0
2024;322;19510;Ciência Da Computação;06;Computação e Tecnologias da Informação e Comunicação (TIC);Ciência da computação;1;1;1;Sudeste;SP;Bauru;115;198;78;138;17
2024;322;1286800;Análise E Desenvolvimento De Sistemas;06;Computação e Tecnologias da Informação e Comunicação (TIC);Sistemas de informação;3;2;2;Sudeste;SP;Bauru;0;0;46;43;9
2024;322;1551097;Ciência Da Computação;06;Computação e Tecnologias da Informação e Comunicação (TIC);Ciência da computação;1;2;2;Sudeste;SP;Bauru;0;0;27;28;1
2024;322;1131979;Gestão Da Tecnologia Da Informação;06;Computação e Tecnologias da Informação e Comunicação (TIC);Gestão da tecnologia da informação;3;2;2;Sudeste;SP;Bauru;0;0;8;7;2
2024;322;1382607;Redes De Computadores;06;Computação e Tecnologias da Informação e Comunicação (TIC);Redes de computadores;3;2;2;Sudeste;SP;Bauru;0;0;3;4;1
2024;322;1484730;Segurança Da Informação;06;Computação e Tecnologias da Informação e Comunicação (TIC);Segurança da informação;3;2;2;Sudeste;SP;Bauru;0;0;5;5;1
2024;322;1286800;Análise E Desenvolvimento De Sistemas;06;Computação e Tecnologias da Informação e Comunicação (TIC);Sistemas de informação;3;2;2;Sudeste;SP;Bebedouro;0;0;8;10;3
2024;322;1131979;Gestão Da Tecnologia Da Informação;06;Computação e Tecnologias da Informação e Comunicação (TIC);Gestão da tecnologia da informação;3;2;2;Sudeste;SP;Bebedouro;0;0;0;1;0
2024;322;1382607;Redes De Computadores;06;Computação e Tecnologias da Informação e Comunicação (TIC);Redes de computadores;3;2;2;Sudeste;SP;Bebedouro;0;0;0;1;0
2024;322;1484730;Segurança Da Informação;06;Computação e Tecnologias da Informação e Comunicação (TIC);Segurança da informação;3;2;2;Sudeste;SP;Bebedouro;0;0;1;1;0
2024;322;1286800;Análise E Desenvolvimento De Sistemas;06;Computação e Tecnologias da Informação e Comunicação (TIC);Sistemas de informação;3;2;2;Sudeste;SP;Bertioga;0;0;0;1;0
2024;322;1131979;Gestão Da Tecnologia Da Informação;06;Computação e Tecnologias da Informação e Comunicação (TIC);Gestão da tecnologia da informação;3;2;2;Sudeste;SP;Bertioga;0;0;0;0;0
2024;322;1286800;Análise E Desenvolvimento De Sistemas;06;Computação e Tecnologias da Informação e Comunicação (TIC);Sistemas de informação;3;2;2;Sudeste;SP;Birigui;0;0;2;4;2
2024;322;1551097;Ciência Da Computação;06;Computação e Tecnologias da Informação e Comunicação (TIC);Ciência da computação;1;2;2;Sudeste;SP;Birigui;0;0;2;2;0
2024;322;1131979;Gestão Da Tecnologia Da Informação;06;Computação e Tecnologias da Informação e Comunicação (TIC);Gestão da tecnologia da informação;3;2;2;Sudeste;SP;Birigui;0;0;1;1;0
2024;322;1382607;Redes De Computadores;06;Computação e Tecnologias da Informação e Comunicação (TIC);Redes de computadores;3;2;2;Sudeste;SP;Birigui;0;0;1;1;1
2024;322;1484730;Segurança Da Informação;06;Computação e Tecnologias da Informação e Comunicação (TIC);Segurança da informação;3;2;2;Sudeste;SP;Biritiba Mirim;0;0;0;0;0
2024;322;1286800;Análise E Desenvolvimento De Sistemas;06;Computação e Tecnologias da Informação e Comunicação (TIC);Sistemas de informação;3;2;2;Sudeste;SP;Boituva;0;0;13;7;2
2024;322;1131979;Gestão Da Tecnologia Da Informação;06;Computação e Tecnologias da Informação e Comunicação (TIC);Gestão da tecnologia da informação;3;2;2;Sudeste;SP;Boituva;0;0;0;1;0
2024;322;1382607;Redes De Computadores;06;Computação e Tecnologias da Informação e Comunicação (TIC);Redes de computadores;3;2;2;Sudeste;SP;Boituva;0;0;0;0;0
2024;322;1484730;Segurança Da Informação;06;Computação e Tecnologias da Informação e Comunicação (TIC);Segurança da informação;3;2;2;Sudeste;SP;Boituva;0;0;2;2;0
2024;322;1286800;Análise E Desenvolvimento De Sistemas;06;Computação e Tecnologias da Informação e Comunicação (TIC);Sistemas de informação;3;2;2;Sudeste;SP;Botucatu;0;0;8;7;0
2024;322;1551097;Ciência Da Computação;06;Computação e Tecnologias da Informação e Comunicação (TIC);Ciência da computação;1;2;2;Sudeste;SP;Botucatu;0;0;2;5;0
2024;322;1131979;Gestão Da Tecnologia Da Informação;06;Computação e Tecnologias da Informação e Comunicação (TIC);Gestão da tecnologia da informação;3;2;2;Sudeste;SP;Botucatu;0;0;2;1;0
2024;322;1382607;Redes De Computadores;06;Computação e Tecnologias da Informação e Comunicação (TIC);Redes de computadores;3;2;2;Sudeste;SP;Botucatu;0;0;2;1;1
2024;322;1286800;Análise E Desenvolvimento De Sistemas;06;Computação e Tecnologias da Informação e Comunicação (TIC);Sistemas de informação;3;2;2;Sudeste;SP;Bragança Paulista;0;0;0;2;1
2024;322;1551097;Ciência Da Computação;06;Computação e Tecnologias da Informação e Comunicação (TIC);Ciência da computação;1;2;2;Sudeste;SP;Bragança Paulista;0;0;0;2;0
2024;322;1131979;Gestão Da Tecnologia Da Informação;06;Computação e Tecnologias da Informação e Comunicação (TIC);Gestão da tecnologia da informação;3;2;2;Sudeste;SP;Bragança Paulista;0;0;0;3;1
2024;322;1382607;Redes De Computadores;06;Computação e Tecnologias da Informação e Comunicação (TIC);Redes de computadores;3;2;2;Sudeste;SP;Bragança Paulista;0;0;0;0;0
2024;322;1286800;Análise E Desenvolvimento De Sistemas;06;Computação e Tecnologias da Informação e Comunicação (TIC);Sistemas de informação;3;2;2;Sudeste;SP;Brotas;0;0;0;0;0
2024;322;1551097;Ciência Da Computação;06;Computação e Tecnologias da Informação e Comunicação (TIC);Ciência da computação;1;2;2;Sudeste;SP;Brotas;0;0;0;1;0
2024;322;1131979;Gestão Da Tecnologia Da Informação;06;Computação e Tecnologias da Informação e Comunicação (TIC);Gestão da tecnologia da informação;3;2;2;Sudeste;SP;Brotas;0;0;1;0;0
2024;322;1286800;Análise E Desenvolvimento De Sistemas;06;Computação e Tecnologias da Informação e Comunicação (TIC);Sistemas de informação;3;2;2;Sudeste;SP;Cabreúva;0;0;3;5;3
2024;322;1551097;Ciência Da Computação;06;Computação e Tecnologias da Informação e Comunicação (TIC);Ciência da computação;1;2;2;Sudeste;SP;Cabreúva;0;0;2;2;0
2024;322;1131979;Gestão Da Tecnologia Da Informação;06;Computação e Tecnologias da Informação e Comunicação (TIC);Gestão da tecnologia da informação;3;2;2;Sudeste;SP;Cabreúva;0;0;3;1;0
2024;322;1484730;Segurança Da Informação;06;Computação e Tecnologias da Informação e Comunicação (TIC);Segurança da informação;3;2;2;Sudeste;SP;Cabreúva;0;0;0;1;0
2024;322;1286800;Análise E Desenvolvimento De Sistemas;06;Computação e Tecnologias da Informação e Comunicação (TIC);Sistemas de informação;3;2;2;Sudeste;SP;Cachoeira Paulista;0;0;6;5;0
2024;322;1131979;Gestão Da Tecnologia Da Informação;06;Computação e Tecnologias da Informação e Comunicação (TIC);Gestão da tecnologia da informação;3;2;2;Sudeste;SP;Cachoeira Paulista;0;0;3;2;0
2024;322;1382607;Redes De Computadores;06;Computação e Tecnologias da Informação e Comunicação (TIC);Redes de computadores;3;2;2;Sudeste;SP;Cachoeira Paulista;0;0;0;1;0
2024;322;1484730;Segurança Da Informação;06;Computação e Tecnologias da Informação e Comunicação (TIC);Segurança da informação;3;2;2;Sudeste;SP;Cachoeira Paulista;0;0;1;0;0
2024;322;1286800;Análise E Desenvolvimento De Sistemas;06;Computação e Tecnologias da Informação e Comunicação (TIC);Sistemas de informação;3;2;2;Sudeste;SP;Caieiras;0;0;30;30;3
2024;322;1551097;Ciência Da Computação;06;Computação e Tecnologias da Informação e Comunicação (TIC);Ciência da computação;1;2;2;Sudeste;SP;Caieiras;0;0;4;6;0
2024;322;1131979;Gestão Da Tecnologia Da Informação;06;Computação e Tecnologias da Informação e Comunicação (TIC);Gestão da tecnologia da informação;3;2;2;Sudeste;SP;Caieiras;0;0;14;14;0
2024;322;1382607;Redes De Computadores;06;Computação e Tecnologias da Informação e Comunicação (TIC);Redes de computadores;3;2;2;Sudeste;SP;Caieiras;0;0;1;4;3
2024;322;1484730;Segurança Da Informação;06;Computação e Tecnologias da Informação e Comunicação (TIC);Segurança da informação;3;2;2;Sudeste;SP;Caieiras;0;0;2;1;1
2024;322;1286800;Análise E Desenvolvimento De Sistemas;06;Computação e Tecnologias da Informação e Comunicação (TIC);Sistemas de informação;3;2;2;Sudeste;SP;Cajamar;0;0;22;8;0
2024;322;1551097;Ciência Da Computação;06;Computação e Tecnologias da Informação e Comunicação (TIC);Ciência da computação;1;2;2;Sudeste;SP;Cajamar;0;0;1;2;0
2024;322;1131979;Gestão Da Tecnologia Da Informação;06;Computação e Tecnologias da Informação e Comunicação (TIC);Gestão da tecnologia da informação;3;2;2;Sudeste;SP;Cajamar;0;0;4;4;1
2024;322;1382607;Redes De Computadores;06;Computação e Tecnologias da Informação e Comunicação (TIC);Redes de computadores;3;2;2;Sudeste;SP;Cajamar;0;0;1;2;0
2024;322;1484730;Segurança Da Informação;06;Computação e Tecnologias da Informação e Comunicação (TIC);Segurança da informação;3;2;2;Sudeste;SP;Cajamar;0;0;0;3;3
2024;322;1286800;Análise E Desenvolvimento De Sistemas;06;Computação e Tecnologias da Informação e Comunicação (TIC);Sistemas de informação;3;2;2;Sudeste;SP;Cajuru;0;0;6;1;0
2024;322;1551097;Ciência Da Computação;06;Computação e Tecnologias da Informação e Comunicação (TIC);Ciência da computação;1;2;2;Sudeste;SP;Cajuru;0;0;3;3;0
2024;322;1131979;Gestão Da Tecnologia Da Informação;06;Computação e Tecnologias da Informação e Comunicação (TIC);Gestão da tecnologia da informação;3;2;2;Sudeste;SP;Cajuru;0;0;1;1;0
2024;322;1382607;Redes De Computadores;06;Computação e Tecnologias da Informação e Comunicação (TIC);Redes de computadores;3;2;2;Sudeste;SP;Cajuru;0;0;0;1;0
2024;322;5000456;Análise E Desenvolvimento De Sistemas;06;Computação e Tecnologias da Informação e Comunicação (TIC);Sistemas de informação;3;1;1;Sudeste;SP;Campinas;255;753;289;371;103
2024;322;18698;Ciência Da Computação;06;Computação e Tecnologias da Informação e Comunicação (TIC);Ciência da computação;1;1;1;Sudeste;SP;Campinas;218;472;149;333;31
2024;322;65687;Gestão Da Tecnologia Da Informação;06;Computação e Tecnologias da Informação e Comunicação (TIC);Gestão da tecnologia da informação;3;1;1;Sudeste;SP;Campinas;118;169;47;53;16
2024;322;1399059;Jogos Digitais;06;Computação e Tecnologias da Informação e Comunicação (TIC);Jogos digitais;3;1;1;Sudeste;SP;Campinas;60;30;5;1;1
2024;322;65675;Redes De Computadores;06;Computação e Tecnologias da Informação e Comunicação (TIC);Redes de computadores;3;1;1;Sudeste;SP;Campinas;80;6;0;0;0
2024;322;7301;Sistemas De Informação;06;Computação e Tecnologias da Informação e Comunicação (TIC);Sistemas de informação;1;1;1;Sudeste;SP;Campinas;123;150;58;67;10
2024;322;1286800;Análise E Desenvolvimento De Sistemas;06;Computação e Tecnologias da Informação e Comunicação (TIC);Sistemas de informação;3;2;2;Sudeste;SP;Campinas;0;0;183;205;45
2024;322;1551097;Ciência Da Computação;06;Computação e Tecnologias da Informação e Comunicação (TIC);Ciência da computação;1;2;2;Sudeste;SP;Campinas;0;0;41;62;3
2024;322;1131979;Gestão Da Tecnologia Da Informação;06;Computação e Tecnologias da Informação e Comunicação (TIC);Gestão da tecnologia da informação;3;2;2;Sudeste;SP;Campinas;0;0;42;43;8
2024;322;1382607;Redes De Computadores;06;Computação e Tecnologias da Informação e Comunicação (TIC);Redes de computadores;3;2;2;Sudeste;SP;Campinas;0;0;17;18;3
2024;322;1484730;Segurança Da Informação;06;Computação e Tecnologias da Informação e Comunicação (TIC);Segurança da informação;3;2;2;Sudeste;SP;Campinas;0;0;11;17;3
2024;322;1286800;Análise E Desenvolvimento De Sistemas;06;Computação e Tecnologias da Informação e Comunicação (TIC);Sistemas de informação;3;2;2;Sudeste;SP;Campo Limpo Paulista;0;0;0;2;0
2024;322;1131979;Gestão Da Tecnologia Da Informação;06;Computação e Tecnologias da Informação e Comunicação (TIC);Gestão da tecnologia da informação;3;2;2;Sudeste;SP;Campo Limpo Paulista;0;0;1;1;0
2024;322;1286800;Análise E Desenvolvimento De Sistemas;06;Computação e Tecnologias da Informação e Comunicação (TIC);Sistemas de informação;3;2;2;Sudeste;SP;Campos do Jordão;0;0;1;1;0
2024;322;1382607;Redes De Computadores;06;Computação e Tecnologias da Informação e Comunicação (TIC);Redes de computadores;3;2;2;Sudeste;SP;Campos do Jordão;0;0;1;1;0
2024;322;1484730;Segurança Da Informação;06;Computação e Tecnologias da Informação e Comunicação (TIC);Segurança da informação;3;2;2;Sudeste;SP;Campos do Jordão;0;0;1;0;0
2024;322;1286800;Análise E Desenvolvimento De Sistemas;06;Computação e Tecnologias da Informação e Comunicação (TIC);Sistemas de informação;3;2;2;Sudeste;SP;Caraguatatuba;0;0;0;3;1
2024;322;1551097;Ciência Da Computação;06;Computação e Tecnologias da Informação e Comunicação (TIC);Ciência da computação;1;2;2;Sudeste;SP;Caraguatatuba;0;0;0;1;0
2024;322;1131979;Gestão Da Tecnologia Da Informação;06;Computação e Tecnologias da Informação e Comunicação (TIC);Gestão da tecnologia da informação;3;2;2;Sudeste;SP;Caraguatatuba;0;0;0;0;0
2024;322;1484730;Segurança Da Informação;06;Computação e Tecnologias da Informação e Comunicação (TIC);Segurança da informação;3;2;2;Sudeste;SP;Caraguatatuba;0;0;0;1;0
2024;322;1286800;Análise E Desenvolvimento De Sistemas;06;Computação e Tecnologias da Informação e Comunicação (TIC);Sistemas de informação;3;2;2;Sudeste;SP;Carapicuíba;0;0;76;36;0
2024;322;1551097;Ciência Da Computação;06;Computação e Tecnologias da Informação e Comunicação (TIC);Ciência da computação;1;2;2;Sudeste;SP;Carapicuíba;0;0;5;3;0
2024;322;1131979;Gestão Da Tecnologia Da Informação;06;Computação e Tecnologias da Informação e Comunicação (TIC);Gestão da tecnologia da informação;3;2;2;Sudeste;SP;Carapicuíba;0;0;20;12;2
2024;322;1382607;Redes De Computadores;06;Computação e Tecnologias da Informação e Comunicação (TIC);Redes de computadores;3;2;2;Sudeste;SP;Carapicuíba;0;0;1;0;0
2024;322;1484730;Segurança Da Informação;06;Computação e Tecnologias da Informação e Comunicação (TIC);Segurança da informação;3;2;2;Sudeste;SP;Carapicuíba;0;0;4;2;0
2024;322;1286800;Análise E Desenvolvimento De Sistemas;06;Computação e Tecnologias da Informação e Comunicação (TIC);Sistemas de informação;3;2;2;Sudeste;SP;Casa Branca;0;0;1;6;1
2024;322;1131979;Gestão Da Tecnologia Da Informação;06;Computação e Tecnologias da Informação e Comunicação (TIC);Gestão da tecnologia da informação;3;2;2;Sudeste;SP;Casa Branca;0;0;0;0;0
2024;322;1382607;Redes De Computadores;06;Computação e Tecnologias da Informação e Comunicação (TIC);Redes de computadores;3;2;2;Sudeste;SP;Casa Branca;0;0;0;0;0
2024;322;1484730;Segurança Da Informação;06;Computação e Tecnologias da Informação e Comunicação (TIC);Segurança da informação;3;2;2;Sudeste;SP;Casa Branca;0;0;0;0;0
2024;322;1286800;Análise E Desenvolvimento De Sistemas;06;Computação e Tecnologias da Informação e Comunicação (TIC);Sistemas de informação;3;2;2;Sudeste;SP;Catanduva;0;0;22;12;0
2024;322;1551097;Ciência Da Computação;06;Computação e Tecnologias da Informação e Comunicação (TIC);Ciência da computação;1;2;2;Sudeste;SP;Catanduva;0;0;6;3;0
2024;322;1131979;Gestão Da Tecnologia Da Informação;06;Computação e Tecnologias da Informação e Comunicação (TIC);Gestão da tecnologia da informação;3;2;2;Sudeste;SP;Catanduva;0;0;4;3;0
2024;322;1382607;Redes De Computadores;06;Computação e Tecnologias da Informação e Comunicação (TIC);Redes de computadores;3;2;2;Sudeste;SP;Catanduva;0;0;3;2;1
2024;322;1484730;Segurança Da Informação;06;Computação e Tecnologias da Informação e Comunicação (TIC);Segurança da informação;3;2;2;Sudeste;SP;Catanduva;0;0;0;1;1
2024;322;1286800;Análise E Desenvolvimento De Sistemas;06;Computação e Tecnologias da Informação e Comunicação (TIC);Sistemas de informação;3;2;2;Sudeste;SP;Caçapava;0;0;14;16;1
2024;322;1551097;Ciência Da Computação;06;Computação e Tecnologias da Informação e Comunicação (TIC);Ciência da computação;1;2;2;Sudeste;SP;Caçapava;0;0;2;4;0
2024;322;1131979;Gestão Da Tecnologia Da Informação;06;Computação e Tecnologias da Informação e Comunicação (TIC);Gestão da tecnologia da informação;3;2;2;Sudeste;SP;Caçapava;0;0;1;0;0
2024;322;1382607;Redes De Computadores;06;Computação e Tecnologias da Informação e Comunicação (TIC);Redes de computadores;3;2;2;Sudeste;SP;Caçapava;0;0;0;1;0
2024;322;1484730;Segurança Da Informação;06;Computação e Tecnologias da Informação e Comunicação (TIC);Segurança da informação;3;2;2;Sudeste;SP;Caçapava;0;0;1;1;0
2024;322;1286800;Análise E Desenvolvimento De Sistemas;06;Computação e Tecnologias da Informação e Comunicação (TIC);Sistemas de informação;3;2;2;Sudeste;SP;Cerqueira César;0;0;0;3;2
2024;322;1131979;Gestão Da Tecnologia Da Informação;06;Computação e Tecnologias da Informação e Comunicação (TIC);Gestão da tecnologia da informação;3;2;2;Sudeste;SP;Cerqueira César;0;0;0;1;0
2024;322;1484730;Segurança Da Informação;06;Computação e Tecnologias da Informação e Comunicação (TIC);Segurança da informação;3;2;2;Sudeste;SP;Cerqueira César;0;0;1;0;0
2024;322;1286800;Análise E Desenvolvimento De Sistemas;06;Computação e Tecnologias da Informação e Comunicação (TIC);Sistemas de informação;3;2;2;Sudeste;SP;Cosmópolis;0;0;4;13;4
2024;322;1551097;Ciência Da Computação;06;Computação e Tecnologias da Informação e Comunicação (TIC);Ciência da computação;1;2;2;Sudeste;SP;Cosmópolis;0;0;6;8;0
2024;322;1131979;Gestão Da Tecnologia Da Informação;06;Computação e Tecnologias da Informação e Comunicação (TIC);Gestão da tecnologia da informação;3;2;2;Sudeste;SP;Cosmópolis;0;0;2;4;2
2024;322;1382607;Redes De Computadores;06;Computação e Tecnologias da Informação e Comunicação (TIC);Redes de computadores;3;2;2;Sudeste;SP;Cosmópolis;0;0;1;1;0
2024;322;1484730;Segurança Da Informação;06;Computação e Tecnologias da Informação e Comunicação (TIC);Segurança da informação;3;2;2;Sudeste;SP;Cosmópolis;0;0;1;2;0
2024;322;1286800;Análise E Desenvolvimento De Sistemas;06;Computação e Tecnologias da Informação e Comunicação (TIC);Sistemas de informação;3;2;2;Sudeste;SP;Cotia;0;0;33;32;5
2024;322;1551097;Ciência Da Computação;06;Computação e Tecnologias da Informação e Comunicação (TIC);Ciência da computação;1;2;2;Sudeste;SP;Cotia;0;0;8;8;0
2024;322;1131979;Gestão Da Tecnologia Da Informação;06;Computação e Tecnologias da Informação e Comunicação (TIC);Gestão da tecnologia da informação;3;2;2;Sudeste;SP;Cotia;0;0;9;9;2
2024;322;1382607;Redes De Computadores;06;Computação e Tecnologias da Informação e Comunicação (TIC);Redes de computadores;3;2;2;Sudeste;SP;Cotia;0;0;2;3;2
2024;322;1484730;Segurança Da Informação;06;Computação e Tecnologias da Informação e Comunicação (TIC);Segurança da informação;3;2;2;Sudeste;SP;Cotia;0;0;2;5;3
2024;322;1286800;Análise E Desenvolvimento De Sistemas;06;Computação e Tecnologias da Informação e Comunicação (TIC);Sistemas de informação;3;2;2;Sudeste;SP;Cruzeiro;0;0;7;4;0
2024;322;1551097;Ciência Da Computação;06;Computação e Tecnologias da Informação e Comunicação (TIC);Ciência da computação;1;2;2;Sudeste;SP;Cruzeiro;0;0;1;1;0
2024;322;1382607;Redes De Computadores;06;Computação e Tecnologias da Informação e Comunicação (TIC);Redes de computadores;3;2;2;Sudeste;SP;Cruzeiro;0;0;0;1;0
2024;322;1484730;Segurança Da Informação;06;Computação e Tecnologias da Informação e Comunicação (TIC);Segurança da informação;3;2;2;Sudeste;SP;Cruzeiro;0;0;0;0;0
2024;322;1286800;Análise E Desenvolvimento De Sistemas;06;Computação e Tecnologias da Informação e Comunicação (TIC);Sistemas de informação;3;2;2;Sudeste;SP;Cubatão;0;0;4;8;3
2024;322;1551097;Ciência Da Computação;06;Computação e Tecnologias da Informação e Comunicação (TIC);Ciência da computação;1;2;2;Sudeste;SP;Cubatão;0;0;1;2;0
2024;322;1131979;Gestão Da Tecnologia Da Informação;06;Computação e Tecnologias da Informação e Comunicação (TIC);Gestão da tecnologia da informação;3;2;2;Sudeste;SP;Cubatão;0;0;0;1;0
2024;322;1382607;Redes De Computadores;06;Computação e Tecnologias da Informação e Comunicação (TIC);Redes de computadores;3;2;2;Sudeste;SP;Cubatão;0;0;2;1;0
2024;322;1286800;Análise E Desenvolvimento De Sistemas;06;Computação e Tecnologias da Informação e Comunicação (TIC);Sistemas de informação;3;2;2;Sudeste;SP;Cândido Mota;0;0;0;0;0
2024;322;1131979;Gestão Da Tecnologia Da Informação;06;Computação e Tecnologias da Informação e Comunicação (TIC);Gestão da tecnologia da informação;3;2;2;Sudeste;SP;Cândido Mota;0;0;0;0;0
2024;322;1286800;Análise E Desenvolvimento De Sistemas;06;Computação e Tecnologias da Informação e Comunicação (TIC);Sistemas de informação;3;2;2;Sudeste;SP;Descalvado;0;0;3;1;0
2024;322;1551097;Ciência Da Computação;06;Computação e Tecnologias da Informação e Comunicação (TIC);Ciência da computação;1;2;2;Sudeste;SP;Descalvado;0;0;0;1;0
2024;322;1131979;Gestão Da Tecnologia Da Informação;06;Computação e Tecnologias da Informação e Comunicação (TIC);Gestão da tecnologia da informação;3;2;2;Sudeste;SP;Descalvado;0;0;0;0;0
2024;322;1286800;Análise E Desenvolvimento De Sistemas;06;Computação e Tecnologias da Informação e Comunicação (TIC);Sistemas de informação;3;2;2;Sudeste;SP;Diadema;0;0;37;34;5
2024;322;1551097;Ciência Da Computação;06;Computação e Tecnologias da Informação e Comunicação (TIC);Ciência da computação;1;2;2;Sudeste;SP;Diadema;0;0;13;11;0
2024;322;1131979;Gestão Da Tecnologia Da Informação;06;Computação e Tecnologias da Informação e Comunicação (TIC);Gestão da tecnologia da informação;3;2;2;Sudeste;SP;Diadema;0;0;9;10;0
2024;322;1382607;Redes De Computadores;06;Computação e Tecnologias da Informação e Comunicação (TIC);Redes de computadores;3;2;2;Sudeste;SP;Diadema;0;0;3;4;0
2024;322;1484730;Segurança Da Informação;06;Computação e Tecnologias da Informação e Comunicação (TIC);Segurança da informação;3;2;2;Sudeste;SP;Diadema;0;0;5;7;3
2024;322;1484730;Segurança Da Informação;06;Computação e Tecnologias da Informação e Comunicação (TIC);Segurança da informação;3;2;2;Sudeste;SP;Dracena;0;0;1;0;0
2024;322;1286800;Análise E Desenvolvimento De Sistemas;06;Computação e Tecnologias da Informação e Comunicação (TIC);Sistemas de informação;3;2;2;Sudeste;SP;Embu das Artes;0;0;6;6;2
2024;322;1551097;Ciência Da Computação;06;Computação e Tecnologias da Informação e Comunicação (TIC);Ciência da computação;1;2;2;Sudeste;SP;Embu das Artes;0;0;3;4;0
2024;322;1131979;Gestão Da Tecnologia Da Informação;06;Computação e Tecnologias da Informação e Comunicação (TIC);Gestão da tecnologia da informação;3;2;2;Sudeste;SP;Embu das Artes;0;0;3;3;0
2024;322;1484730;Segurança Da Informação;06;Computação e Tecnologias da Informação e Comunicação (TIC);Segurança da informação;3;2;2;Sudeste;SP;Embu das Artes;0;0;0;1;0
2024;322;1286800;Análise E Desenvolvimento De Sistemas;06;Computação e Tecnologias da Informação e Comunicação (TIC);Sistemas de informação;3;2;2;Sudeste;SP;Engenheiro Coelho;0;0;0;1;0
2024;322;1551097;Ciência Da Computação;06;Computação e Tecnologias da Informação e Comunicação (TIC);Ciência da computação;1;2;2;Sudeste;SP;Engenheiro Coelho;0;0;0;0;0
2024;322;1286800;Análise E Desenvolvimento De Sistemas;06;Computação e Tecnologias da Informação e Comunicação (TIC);Sistemas de informação;3;2;2;Sudeste;SP;Ferraz de Vasconcelos;0;0;17;18;6
2024;322;1551097;Ciência Da Computação;06;Computação e Tecnologias da Informação e Comunicação (TIC);Ciência da computação;1;2;2;Sudeste;SP;Ferraz de Vasconcelos;0;0;5;8;0
2024;322;1131979;Gestão Da Tecnologia Da Informação;06;Computação e Tecnologias da Informação e Comunicação (TIC);Gestão da tecnologia da informação;3;2;2;Sudeste;SP;Ferraz de Vasconcelos;0;0;10;9;1
2024;322;1382607;Redes De Computadores;06;Computação e Tecnologias da Informação e Comunicação (TIC);Redes de computadores;3;2;2;Sudeste;SP;Ferraz de Vasconcelos;0;0;2;2;0
2024;322;1484730;Segurança Da Informação;06;Computação e Tecnologias da Informação e Comunicação (TIC);Segurança da informação;3;2;2;Sudeste;SP;Ferraz de Vasconcelos;0;0;0;3;1
2024;322;1286800;Análise E Desenvolvimento De Sistemas;06;Computação e Tecnologias da Informação e Comunicação (TIC);Sistemas de informação;3;2;2;Sudeste;SP;Franca;0;0;1;6;3
2024;322;1551097;Ciência Da Computação;06;Computação e Tecnologias da Informação e Comunicação (TIC);Ciência da computação;1;2;2;Sudeste;SP;Franca;0;0;0;1;0
2024;322;1484730;Segurança Da Informação;06;Computação e Tecnologias da Informação e Comunicação (TIC);Segurança da informação;3;2;2;Sudeste;SP;Franca;0;0;1;2;0
2024;322;1286800;Análise E Desenvolvimento De Sistemas;06;Computação e Tecnologias da Informação e Comunicação (TIC);Sistemas de informação;3;2;2;Sudeste;SP;Francisco Morato;0;0;21;13;5
2024;322;1551097;Ciência Da Computação;06;Computação e Tecnologias da Informação e Comunicação (TIC);Ciência da computação;1;2;2;Sudeste;SP;Francisco Morato;0;0;2;4;0
2024;322;1131979;Gestão Da Tecnologia Da Informação;06;Computação e Tecnologias da Informação e Comunicação (TIC);Gestão da tecnologia da informação;3;2;2;Sudeste;SP;Francisco Morato;0;0;5;5;2
2024;322;1286800;Análise E Desenvolvimento De Sistemas;06;Computação e Tecnologias da Informação e Comunicação (TIC);Sistemas de informação;3;2;2;Sudeste;SP;Franco da Rocha;0;0;18;19;4
2024;322;1551097;Ciência Da Computação;06;Computação e Tecnologias da Informação e Comunicação (TIC);Ciência da computação;1;2;2;Sudeste;SP;Franco da Rocha;0;0;3;3;0
2024;322;1131979;Gestão Da Tecnologia Da Informação;06;Computação e Tecnologias da Informação e Comunicação (TIC);Gestão da tecnologia da informação;3;2;2;Sudeste;SP;Franco da Rocha;0;0;5;5;0
2024;322;1382607;Redes De Computadores;06;Computação e Tecnologias da Informação e Comunicação (TIC);Redes de computadores;3;2;2;Sudeste;SP;Franco da Rocha;0;0;0;3;1
2024;322;1484730;Segurança Da Informação;06;Computação e Tecnologias da Informação e Comunicação (TIC);Segurança da informação;3;2;2;Sudeste;SP;Franco da Rocha;0;0;0;1;1
2024;322;1286800;Análise E Desenvolvimento De Sistemas;06;Computação e Tecnologias da Informação e Comunicação (TIC);Sistemas de informação;3;2;2;Sudeste;SP;Guaratinguetá;0;0;0;3;1
2024;322;1131979;Gestão Da Tecnologia Da Informação;06;Computação e Tecnologias da Informação e Comunicação (TIC);Gestão da tecnologia da informação;3;2;2;Sudeste;SP;Guaratinguetá;0;0;0;1;1
2024;322;1484730;Segurança Da Informação;06;Computação e Tecnologias da Informação e Comunicação (TIC);Segurança da informação;3;2;2;Sudeste;SP;Guaratinguetá;0;0;0;0;0
2024;322;1286800;Análise E Desenvolvimento De Sistemas;06;Computação e Tecnologias da Informação e Comunicação (TIC);Sistemas de informação;3;2;2;Sudeste;SP;Guariba;0;0;1;4;2
2024;322;1484730;Segurança Da Informação;06;Computação e Tecnologias da Informação e Comunicação (TIC);Segurança da informação;3;2;2;Sudeste;SP;Guariba;0;0;0;0;0
2024;322;1286800;Análise E Desenvolvimento De Sistemas;06;Computação e Tecnologias da Informação e Comunicação (TIC);Sistemas de informação;3;2;2;Sudeste;SP;Guarujá;0;0;25;22;4
2024;322;1551097;Ciência Da Computação;06;Computação e Tecnologias da Informação e Comunicação (TIC);Ciência da computação;1;2;2;Sudeste;SP;Guarujá;0;0;5;9;0
2024;322;1131979;Gestão Da Tecnologia Da Informação;06;Computação e Tecnologias da Informação e Comunicação (TIC);Gestão da tecnologia da informação;3;2;2;Sudeste;SP;Guarujá;0;0;4;2;0
2024;322;1382607;Redes De Computadores;06;Computação e Tecnologias da Informação e Comunicação (TIC);Redes de computadores;3;2;2;Sudeste;SP;Guarujá;0;0;1;1;0
2024;322;1484730;Segurança Da Informação;06;Computação e Tecnologias da Informação e Comunicação (TIC);Segurança da informação;3;2;2;Sudeste;SP;Guarujá;0;0;2;2;1
2024;322;1286800;Análise E Desenvolvimento De Sistemas;06;Computação e Tecnologias da Informação e Comunicação (TIC);Sistemas de informação;3;2;2;Sudeste;SP;Guarulhos;0;0;37;41;9
2024;322;1551097;Ciência Da Computação;06;Computação e Tecnologias da Informação e Comunicação (TIC);Ciência da computação;1;2;2;Sudeste;SP;Guarulhos;0;0;6;11;0
2024;322;1131979;Gestão Da Tecnologia Da Informação;06;Computação e Tecnologias da Informação e Comunicação (TIC);Gestão da tecnologia da informação;3;2;2;Sudeste;SP;Guarulhos;0;0;14;22;5
2024;322;1382607;Redes De Computadores;06;Computação e Tecnologias da Informação e Comunicação (TIC);Redes de computadores;3;2;2;Sudeste;SP;Guarulhos;0;0;3;7;1
2024;322;1484730;Segurança Da Informação;06;Computação e Tecnologias da Informação e Comunicação (TIC);Segurança da informação;3;2;2;Sudeste;SP;Guarulhos;0;0;5;8;3
2024;322;1286800;Análise E Desenvolvimento De Sistemas;06;Computação e Tecnologias da Informação e Comunicação (TIC);Sistemas de informação;3;2;2;Sudeste;SP;Hortolândia;0;0;37;38;12
2024;322;1551097;Ciência Da Computação;06;Computação e Tecnologias da Informação e Comunicação (TIC);Ciência da computação;1;2;2;Sudeste;SP;Hortolândia;0;0;7;7;0
2024;322;1131979;Gestão Da Tecnologia Da Informação;06;Computação e Tecnologias da Informação e Comunicação (TIC);Gestão da tecnologia da informação;3;2;2;Sudeste;SP;Hortolândia;0;0;7;8;2
2024;322;1382607;Redes De Computadores;06;Computação e Tecnologias da Informação e Comunicação (TIC);Redes de computadores;3;2;2;Sudeste;SP;Hortolândia;0;0;3;7;1
2024;322;1484730;Segurança Da Informação;06;Computação e Tecnologias da Informação e Comunicação (TIC);Segurança da informação;3;2;2;Sudeste;SP;Hortolândia;0;0;0;4;1
2024;322;1286800;Análise E Desenvolvimento De Sistemas;06;Computação e Tecnologias da Informação e Comunicação (TIC);Sistemas de informação;3;2;2;Sudeste;SP;Ibaté;0;0;5;8;2
2024;322;1551097;Ciência Da Computação;06;Computação e Tecnologias da Informação e Comunicação (TIC);Ciência da computação;1;2;2;Sudeste;SP;Ibaté;0;0;4;4;0
2024;322;1131979;Gestão Da Tecnologia Da Informação;06;Computação e Tecnologias da Informação e Comunicação (TIC);Gestão da tecnologia da informação;3;2;2;Sudeste;SP;Ibaté;0;0;1;1;0
2024;322;1286800;Análise E Desenvolvimento De Sistemas;06;Computação e Tecnologias da Informação e Comunicação (TIC);Sistemas de informação;3;2;2;Sudeste;SP;Ibitinga;0;0;8;6;1
2024;322;1551097;Ciência Da Computação;06;Computação e Tecnologias da Informação e Comunicação (TIC);Ciência da computação;1;2;2;Sudeste;SP;Ibitinga;0;0;0;1;0
2024;322;1131979;Gestão Da Tecnologia Da Informação;06;Computação e Tecnologias da Informação e Comunicação (TIC);Gestão da tecnologia da informação;3;2;2;Sudeste;SP;Ibitinga;0;0;2;2;0
2024;322;1382607;Redes De Computadores;06;Computação e Tecnologias da Informação e Comunicação (TIC);Redes de computadores;3;2;2;Sudeste;SP;Ibitinga;0;0;1;0;0
2024;322;1484730;Segurança Da Informação;06;Computação e Tecnologias da Informação e Comunicação (TIC);Segurança da informação;3;2;2;Sudeste;SP;Ibitinga;0;0;0;0;0
2024;322;1286800;Análise E Desenvolvimento De Sistemas;06;Computação e Tecnologias da Informação e Comunicação (TIC);Sistemas de informação;3;2;2;Sudeste;SP;Ibiúna;0;0;5;6;2
2024;322;1551097;Ciência Da Computação;06;Computação e Tecnologias da Informação e Comunicação (TIC);Ciência da computação;1;2;2;Sudeste;SP;Ibiúna;0;0;3;1;0
2024;322;1131979;Gestão Da Tecnologia Da Informação;06;Computação e Tecnologias da Informação e Comunicação (TIC);Gestão da tecnologia da informação;3;2;2;Sudeste;SP;Ibiúna;0;0;5;3;0
2024;322;1286800;Análise E Desenvolvimento De Sistemas;06;Computação e Tecnologias da Informação e Comunicação (TIC);Sistemas de informação;3;2;2;Sudeste;SP;Iguape;0;0;5;7;3
2024;322;1131979;Gestão Da Tecnologia Da Informação;06;Computação e Tecnologias da Informação e Comunicação (TIC);Gestão da tecnologia da informação;3;2;2;Sudeste;SP;Ilha Solteira;0;0;1;2;1
2024;322;1484730;Segurança Da Informação;06;Computação e Tecnologias da Informação e Comunicação (TIC);Segurança da informação;3;2;2;Sudeste;SP;Ilha Solteira;0;0;0;0;0
2024;322;1286800;Análise E Desenvolvimento De Sistemas;06;Computação e Tecnologias da Informação e Comunicação (TIC);Sistemas de informação;3;2;2;Sudeste;SP;Ilhabela;0;0;6;2;0
2024;322;1551097;Ciência Da Computação;06;Computação e Tecnologias da Informação e Comunicação (TIC);Ciência da computação;1;2;2;Sudeste;SP;Ilhabela;0;0;2;0;0
2024;322;1131979;Gestão Da Tecnologia Da Informação;06;Computação e Tecnologias da Informação e Comunicação (TIC);Gestão da tecnologia da informação;3;2;2;Sudeste;SP;Ilhabela;0;0;2;2;0
2024;322;1286800;Análise E Desenvolvimento De Sistemas;06;Computação e Tecnologias da Informação e Comunicação (TIC);Sistemas de informação;3;2;2;Sudeste;SP;Indaiatuba;0;0;16;17;4
2024;322;1551097;Ciência Da Computação;06;Computação e Tecnologias da Informação e Comunicação (TIC);Ciência da computação;1;2;2;Sudeste;SP;Indaiatuba;0;0;4;5;0
2024;322;1131979;Gestão Da Tecnologia Da Informação;06;Computação e Tecnologias da Informação e Comunicação (TIC);Gestão da tecnologia da informação;3;2;2;Sudeste;SP;Indaiatuba;0;0;4;0;0
2024;322;1382607;Redes De Computadores;06;Computação e Tecnologias da Informação e Comunicação (TIC);Redes de computadores;3;2;2;Sudeste;SP;Indaiatuba;0;0;4;3;1
2024;322;1484730;Segurança Da Informação;06;Computação e Tecnologias da Informação e Comunicação (TIC);Segurança da informação;3;2;2;Sudeste;SP;Indaiatuba;0;0;3;3;0
2024;322;1286800;Análise E Desenvolvimento De Sistemas;06;Computação e Tecnologias da Informação e Comunicação (TIC);Sistemas de informação;3;2;2;Sudeste;SP;Iracemápolis;0;0;0;1;0
2024;322;1286800;Análise E Desenvolvimento De Sistemas;06;Computação e Tecnologias da Informação e Comunicação (TIC);Sistemas de informação;3;2;2;Sudeste;SP;Itajobi;0;0;1;2;0
2024;322;1286800;Análise E Desenvolvimento De Sistemas;06;Computação e Tecnologias da Informação e Comunicação (TIC);Sistemas de informação;3;2;2;Sudeste;SP;Itanhaém;0;0;21;10;1
2024;322;1551097;Ciência Da Computação;06;Computação e Tecnologias da Informação e Comunicação (TIC);Ciência da computação;1;2;2;Sudeste;SP;Itanhaém;0;0;2;4;0
2024;322;1131979;Gestão Da Tecnologia Da Informação;06;Computação e Tecnologias da Informação e Comunicação (TIC);Gestão da tecnologia da informação;3;2;2;Sudeste;SP;Itanhaém;0;0;1;2;1
2024;322;1382607;Redes De Computadores;06;Computação e Tecnologias da Informação e Comunicação (TIC);Redes de computadores;3;2;2;Sudeste;SP;Itanhaém;0;0;0;2;1
2024;322;1484730;Segurança Da Informação;06;Computação e Tecnologias da Informação e Comunicação (TIC);Segurança da informação;3;2;2;Sudeste;SP;Itanhaém;0;0;0;0;0
2024;322;1286800;Análise E Desenvolvimento De Sistemas;06;Computação e Tecnologias da Informação e Comunicação (TIC);Sistemas de informação;3;2;2;Sudeste;SP;Itapecerica da Serra;0;0;6;3;2
2024;322;1551097;Ciência Da Computação;06;Computação e Tecnologias da Informação e Comunicação (TIC);Ciência da computação;1;2;2;Sudeste;SP;Itapecerica da Serra;0;0;2;4;0
2024;322;1131979;Gestão Da Tecnologia Da Informação;06;Computação e Tecnologias da Informação e Comunicação (TIC);Gestão da tecnologia da informação;3;2;2;Sudeste;SP;Itapecerica da Serra;0;0;5;4;0
2024;322;1484730;Segurança Da Informação;06;Computação e Tecnologias da Informação e Comunicação (TIC);Segurança da informação;3;2;2;Sudeste;SP;Itapecerica da Serra;0;0;1;0;0
2024;322;1286800;Análise E Desenvolvimento De Sistemas;06;Computação e Tecnologias da Informação e Comunicação (TIC);Sistemas de informação;3;2;2;Sudeste;SP;Itapetininga;0;0;8;6;1
2024;322;1551097;Ciência Da Computação;06;Computação e Tecnologias da Informação e Comunicação (TIC);Ciência da computação;1;2;2;Sudeste;SP;Itapetininga;0;0;4;1;0
2024;322;1131979;Gestão Da Tecnologia Da Informação;06;Computação e Tecnologias da Informação e Comunicação (TIC);Gestão da tecnologia da informação;3;2;2;Sudeste;SP;Itapetininga;0;0;0;0;0
2024;322;1286800;Análise E Desenvolvimento De Sistemas;06;Computação e Tecnologias da Informação e Comunicação (TIC);Sistemas de informação;3;2;2;Sudeste;SP;Itapeva;0;0;1;2;1
2024;322;1131979;Gestão Da Tecnologia Da Informação;06;Computação e Tecnologias da Informação e Comunicação (TIC);Gestão da tecnologia da informação;3;2;2;Sudeste;SP;Itapeva;0;0;1;2;1
2024;322;1382607;Redes De Computadores;06;Computação e Tecnologias da Informação e Comunicação (TIC);Redes de computadores;3;2;2;Sudeste;SP;Itapeva;0;0;0;0;0
2024;322;1484730;Segurança Da Informação;06;Computação e Tecnologias da Informação e Comunicação (TIC);Segurança da informação;3;2;2;Sudeste;SP;Itapeva;0;0;0;0;0
2024;322;1286800;Análise E Desenvolvimento De Sistemas;06;Computação e Tecnologias da Informação e Comunicação (TIC);Sistemas de informação;3;2;2;Sudeste;SP;Itapevi;0;0;37;43;15
2024;322;1551097;Ciência Da Computação;06;Computação e Tecnologias da Informação e Comunicação (TIC);Ciência da computação;1;2;2;Sudeste;SP;Itapevi;0;0;9;9;0
2024;322;1131979;Gestão Da Tecnologia Da Informação;06;Computação e Tecnologias da Informação e Comunicação (TIC);Gestão da tecnologia da informação;3;2;2;Sudeste;SP;Itapevi;0;0;9;9;3
2024;322;1382607;Redes De Computadores;06;Computação e Tecnologias da Informação e Comunicação (TIC);Redes de computadores;3;2;2;Sudeste;SP;Itapevi;0;0;4;1;0
2024;322;1484730;Segurança Da Informação;06;Computação e Tecnologias da Informação e Comunicação (TIC);Segurança da informação;3;2;2;Sudeste;SP;Itapevi;0;0;7;4;1
2024;322;1286800;Análise E Desenvolvimento De Sistemas;06;Computação e Tecnologias da Informação e Comunicação (TIC);Sistemas de informação;3;2;2;Sudeste;SP;Itapira;0;0;7;6;1
2024;322;1551097;Ciência Da Computação;06;Computação e Tecnologias da Informação e Comunicação (TIC);Ciência da computação;1;2;2;Sudeste;SP;Itapira;0;0;0;1;0
2024;322;1131979;Gestão Da Tecnologia Da Informação;06;Computação e Tecnologias da Informação e Comunicação (TIC);Gestão da tecnologia da informação;3;2;2;Sudeste;SP;Itapira;0;0;0;1;1
2024;322;1484730;Segurança Da Informação;06;Computação e Tecnologias da Informação e Comunicação (TIC);Segurança da informação;3;2;2;Sudeste;SP;Itapira;0;0;0;0;0
2024;322;1286800;Análise E Desenvolvimento De Sistemas;06;Computação e Tecnologias da Informação e Comunicação (TIC);Sistemas de informação;3;2;2;Sudeste;SP;Itaporanga;0;0;2;1;0
2024;322;1286800;Análise E Desenvolvimento De Sistemas;06;Computação e Tecnologias da Informação e Comunicação (TIC);Sistemas de informação;3;2;2;Sudeste;SP;Itaquaquecetuba;0;0;0;1;0
2024;322;1551097;Ciência Da Computação;06;Computação e Tecnologias da Informação e Comunicação (TIC);Ciência da computação;1;2;2;Sudeste;SP;Itaquaquecetuba;0;0;0;2;0
2024;322;1131979;Gestão Da Tecnologia Da Informação;06;Computação e Tecnologias da Informação e Comunicação (TIC);Gestão da tecnologia da informação;3;2;2;Sudeste;SP;Itaquaquecetuba;0;0;0;3;1
2024;322;1484730;Segurança Da Informação;06;Computação e Tecnologias da Informação e Comunicação (TIC);Segurança da informação;3;2;2;Sudeste;SP;Itaquaquecetuba;0;0;0;1;0
2024;322;1286800;Análise E Desenvolvimento De Sistemas;06;Computação e Tecnologias da Informação e Comunicação (TIC);Sistemas de informação;3;2;2;Sudeste;SP;Itatiba;0;0;4;4;2
2024;322;1551097;Ciência Da Computação;06;Computação e Tecnologias da Informação e Comunicação (TIC);Ciência da computação;1;2;2;Sudeste;SP;Itatiba;0;0;3;3;0
2024;322;1131979;Gestão Da Tecnologia Da Informação;06;Computação e Tecnologias da Informação e Comunicação (TIC);Gestão da tecnologia da informação;3;2;2;Sudeste;SP;Itatiba;0;0;3;1;0
2024;322;1484730;Segurança Da Informação;06;Computação e Tecnologias da Informação e Comunicação (TIC);Segurança da informação;3;2;2;Sudeste;SP;Itatiba;0;0;1;1;0
2024;322;1286800;Análise E Desenvolvimento De Sistemas;06;Computação e Tecnologias da Informação e Comunicação (TIC);Sistemas de informação;3;2;2;Sudeste;SP;Itu;0;0;19;7;0
2024;322;1551097;Ciência Da Computação;06;Computação e Tecnologias da Informação e Comunicação (TIC);Ciência da computação;1;2;2;Sudeste;SP;Itu;0;0;7;7;0
2024;322;1131979;Gestão Da Tecnologia Da Informação;06;Computação e Tecnologias da Informação e Comunicação (TIC);Gestão da tecnologia da informação;3;2;2;Sudeste;SP;Itu;0;0;7;7;1
2024;322;1382607;Redes De Computadores;06;Computação e Tecnologias da Informação e Comunicação (TIC);Redes de computadores;3;2;2;Sudeste;SP;Itu;0;0;3;2;0
2024;322;1484730;Segurança Da Informação;06;Computação e Tecnologias da Informação e Comunicação (TIC);Segurança da informação;3;2;2;Sudeste;SP;Itu;0;0;1;0;0
2024;322;1286800;Análise E Desenvolvimento De Sistemas;06;Computação e Tecnologias da Informação e Comunicação (TIC);Sistemas de informação;3;2;2;Sudeste;SP;Itupeva;0;0;0;0;0
2024;322;1551097;Ciência Da Computação;06;Computação e Tecnologias da Informação e Comunicação (TIC);Ciência da computação;1;2;2;Sudeste;SP;Itupeva;0;0;0;0;0
2024;322;1286800;Análise E Desenvolvimento De Sistemas;06;Computação e Tecnologias da Informação e Comunicação (TIC);Sistemas de informação;3;2;2;Sudeste;SP;Ituverava;0;0;3;2;1
2024;322;1551097;Ciência Da Computação;06;Computação e Tecnologias da Informação e Comunicação (TIC);Ciência da computação;1;2;2;Sudeste;SP;Ituverava;0;0;0;0;0
2024;322;1131979;Gestão Da Tecnologia Da Informação;06;Computação e Tecnologias da Informação e Comunicação (TIC);Gestão da tecnologia da informação;3;2;2;Sudeste;SP;Ituverava;0;0;0;1;0
2024;322;1286800;Análise E Desenvolvimento De Sistemas;06;Computação e Tecnologias da Informação e Comunicação (TIC);Sistemas de informação;3;2;2;Sudeste;SP;Jaboticabal;0;0;1;2;0
2024;322;1551097;Ciência Da Computação;06;Computação e Tecnologias da Informação e Comunicação (TIC);Ciência da computação;1;2;2;Sudeste;SP;Jaboticabal;0;0;0;2;0
2024;322;1286800;Análise E Desenvolvimento De Sistemas;06;Computação e Tecnologias da Informação e Comunicação (TIC);Sistemas de informação;3;2;2;Sudeste;SP;Jacareí;0;0;28;39;5
2024;322;1551097;Ciência Da Computação;06;Computação e Tecnologias da Informação e Comunicação (TIC);Ciência da computação;1;2;2;Sudeste;SP;Jacareí;0;0;9;11;0
2024;322;1131979;Gestão Da Tecnologia Da Informação;06;Computação e Tecnologias da Informação e Comunicação (TIC);Gestão da tecnologia da informação;3;2;2;Sudeste;SP;Jacareí;0;0;6;4;0
2024;322;1382607;Redes De Computadores;06;Computação e Tecnologias da Informação e Comunicação (TIC);Redes de computadores;3;2;2;Sudeste;SP;Jacareí;0;0;2;1;0
2024;322;1484730;Segurança Da Informação;06;Computação e Tecnologias da Informação e Comunicação (TIC);Segurança da informação;3;2;2;Sudeste;SP;Jacareí;0;0;2;5;2
2024;322;1286800;Análise E Desenvolvimento De Sistemas;06;Computação e Tecnologias da Informação e Comunicação (TIC);Sistemas de informação;3;2;2;Sudeste;SP;Jaguariúna;0;0;1;4;2
2024;322;1551097;Ciência Da Computação;06;Computação e Tecnologias da Informação e Comunicação (TIC);Ciência da computação;1;2;2;Sudeste;SP;Jaguariúna;0;0;0;2;0
2024;322;1131979;Gestão Da Tecnologia Da Informação;06;Computação e Tecnologias da Informação e Comunicação (TIC);Gestão da tecnologia da informação;3;2;2;Sudeste;SP;Jaguariúna;0;0;0;0;0
2024;322;1382607;Redes De Computadores;06;Computação e Tecnologias da Informação e Comunicação (TIC);Redes de computadores;3;2;2;Sudeste;SP;Jaguariúna;0;0;1;2;0
2024;322;1484730;Segurança Da Informação;06;Computação e Tecnologias da Informação e Comunicação (TIC);Segurança da informação;3;2;2;Sudeste;SP;Jaguariúna;0;0;0;0;0
2024;322;1286800;Análise E Desenvolvimento De Sistemas;06;Computação e Tecnologias da Informação e Comunicação (TIC);Sistemas de informação;3;2;2;Sudeste;SP;Jandira;0;0;15;33;13
2024;322;1551097;Ciência Da Computação;06;Computação e Tecnologias da Informação e Comunicação (TIC);Ciência da computação;1;2;2;Sudeste;SP;Jandira;0;0;0;4;0
2024;322;1131979;Gestão Da Tecnologia Da Informação;06;Computação e Tecnologias da Informação e Comunicação (TIC);Gestão da tecnologia da informação;3;2;2;Sudeste;SP;Jandira;0;0;1;13;7
2024;322;1382607;Redes De Computadores;06;Computação e Tecnologias da Informação e Comunicação (TIC);Redes de computadores;3;2;2;Sudeste;SP;Jandira;0;0;2;2;1
2024;322;1484730;Segurança Da Informação;06;Computação e Tecnologias da Informação e Comunicação (TIC);Segurança da informação;3;2;2;Sudeste;SP;Jandira;0;0;1;2;1
2024;322;1286800;Análise E Desenvolvimento De Sistemas;06;Computação e Tecnologias da Informação e Comunicação (TIC);Sistemas de informação;3;2;2;Sudeste;SP;Jardinópolis;0;0;1;3;0
2024;322;1551097;Ciência Da Computação;06;Computação e Tecnologias da Informação e Comunicação (TIC);Ciência da computação;1;2;2;Sudeste;SP;Jardinópolis;0;0;2;1;0
2024;322;1131979;Gestão Da Tecnologia Da Informação;06;Computação e Tecnologias da Informação e Comunicação (TIC);Gestão da tecnologia da informação;3;2;2;Sudeste;SP;Jarinu;0;0;2;2;1
2024;322;1286800;Análise E Desenvolvimento De Sistemas;06;Computação e Tecnologias da Informação e Comunicação (TIC);Sistemas de informação;3;2;2;Sudeste;SP;Jaú;0;0;0;1;0
2024;322;1382607;Redes De Computadores;06;Computação e Tecnologias da Informação e Comunicação (TIC);Redes de computadores;3;2;2;Sudeste;SP;Jaú;0;0;0;0;0
2024;322;5000457;Análise E Desenvolvimento De Sistemas;06;Computação e Tecnologias da Informação e Comunicação (TIC);Sistemas de informação;3;1;1;Sudeste;SP;Jundiaí;236;393;155;184;46
2024;322;50572;Ciência Da Computação;06;Computação e Tecnologias da Informação e Comunicação (TIC);Ciência da computação;1;1;1;Sudeste;SP;Jundiaí;83;172;56;160;24
2024;322;1180789;Gestão Da Tecnologia Da Informação;06;Computação e Tecnologias da Informação e Comunicação (TIC);Gestão da tecnologia da informação;3;1;1;Sudeste;SP;Jundiaí;116;145;54;35;5
2024;322;1286800;Análise E Desenvolvimento De Sistemas;06;Computação e Tecnologias da Informação e Comunicação (TIC);Sistemas de informação;3;2;2;Sudeste;SP;Jundiaí;0;0;109;82;15
2024;322;1551097;Ciência Da Computação;06;Computação e Tecnologias da Informação e Comunicação (TIC);Ciência da computação;1;2;2;Sudeste;SP;Jundiaí;0;0;26;29;0
2024;322;1131979;Gestão Da Tecnologia Da Informação;06;Computação e Tecnologias da Informação e Comunicação (TIC);Gestão da tecnologia da informação;3;2;2;Sudeste;SP;Jundiaí;0;0;23;18;3
2024;322;1382607;Redes De Computadores;06;Computação e Tecnologias da Informação e Comunicação (TIC);Redes de computadores;3;2;2;Sudeste;SP;Jundiaí;0;0;3;5;0
2024;322;1484730;Segurança Da Informação;06;Computação e Tecnologias da Informação e Comunicação (TIC);Segurança da informação;3;2;2;Sudeste;SP;Jundiaí;0;0;8;5;0
2024;322;1286800;Análise E Desenvolvimento De Sistemas;06;Computação e Tecnologias da Informação e Comunicação (TIC);Sistemas de informação;3;2;2;Sudeste;SP;Leme;0;0;2;0;0
2024;322;1551097;Ciência Da Computação;06;Computação e Tecnologias da Informação e Comunicação (TIC);Ciência da computação;1;2;2;Sudeste;SP;Leme;0;0;0;0;0
2024;322;1131979;Gestão Da Tecnologia Da Informação;06;Computação e Tecnologias da Informação e Comunicação (TIC);Gestão da tecnologia da informação;3;2;2;Sudeste;SP;Leme;0;0;0;0;0
2024;322;1131979;Gestão Da Tecnologia Da Informação;06;Computação e Tecnologias da Informação e Comunicação (TIC);Gestão da tecnologia da informação;3;2;2;Sudeste;SP;Lençóis Paulista;0;0;1;0;0
2024;322;1484730;Segurança Da Informação;06;Computação e Tecnologias da Informação e Comunicação (TIC);Segurança da informação;3;2;2;Sudeste;SP;Lençóis Paulista;0;0;0;0;0
2024;322;1521925;Análise E Desenvolvimento De Sistemas;06;Computação e Tecnologias da Informação e Comunicação (TIC);Sistemas de informação;3;1;1;Sudeste;SP;Limeira;123;238;103;109;30
2024;322;50582;Ciência Da Computação;06;Computação e Tecnologias da Informação e Comunicação (TIC);Ciência da computação;1;1;1;Sudeste;SP;Limeira;119;127;51;122;18
2024;322;1286800;Análise E Desenvolvimento De Sistemas;06;Computação e Tecnologias da Informação e Comunicação (TIC);Sistemas de informação;3;2;2;Sudeste;SP;Limeira;0;0;52;46;7
2024;322;1551097;Ciência Da Computação;06;Computação e Tecnologias da Informação e Comunicação (TIC);Ciência da computação;1;2;2;Sudeste;SP;Limeira;0;0;14;20;0
2024;322;1131979;Gestão Da Tecnologia Da Informação;06;Computação e Tecnologias da Informação e Comunicação (TIC);Gestão da tecnologia da informação;3;2;2;Sudeste;SP;Limeira;0;0;4;3;0
2024;322;1382607;Redes De Computadores;06;Computação e Tecnologias da Informação e Comunicação (TIC);Redes de computadores;3;2;2;Sudeste;SP;Limeira;0;0;3;3;0
2024;322;1484730;Segurança Da Informação;06;Computação e Tecnologias da Informação e Comunicação (TIC);Segurança da informação;3;2;2;Sudeste;SP;Limeira;0;0;3;5;1
2024;322;1131979;Gestão Da Tecnologia Da Informação;06;Computação e Tecnologias da Informação e Comunicação (TIC);Gestão da tecnologia da informação;3;2;2;Sudeste;SP;Lins;0;0;0;0;0
2024;322;1382607;Redes De Computadores;06;Computação e Tecnologias da Informação e Comunicação (TIC);Redes de computadores;3;2;2;Sudeste;SP;Lins;0;0;0;0;0
2024;322;1484730;Segurança Da Informação;06;Computação e Tecnologias da Informação e Comunicação (TIC);Segurança da informação;3;2;2;Sudeste;SP;Lins;0;0;1;1;0
2024;322;1286800;Análise E Desenvolvimento De Sistemas;06;Computação e Tecnologias da Informação e Comunicação (TIC);Sistemas de informação;3;2;2;Sudeste;SP;Mairiporã;0;0;7;5;0
2024;322;1551097;Ciência Da Computação;06;Computação e Tecnologias da Informação e Comunicação (TIC);Ciência da computação;1;2;2;Sudeste;SP;Mairiporã;0;0;1;3;0
2024;322;1131979;Gestão Da Tecnologia Da Informação;06;Computação e Tecnologias da Informação e Comunicação (TIC);Gestão da tecnologia da informação;3;2;2;Sudeste;SP;Mairiporã;0;0;6;6;1
2024;322;1484730;Segurança Da Informação;06;Computação e Tecnologias da Informação e Comunicação (TIC);Segurança da informação;3;2;2;Sudeste;SP;Mairiporã;0;0;1;0;0
2024;322;1286800;Análise E Desenvolvimento De Sistemas;06;Computação e Tecnologias da Informação e Comunicação (TIC);Sistemas de informação;3;2;2;Sudeste;SP;Marília;0;0;4;2;0
2024;322;1551097;Ciência Da Computação;06;Computação e Tecnologias da Informação e Comunicação (TIC);Ciência da computação;1;2;2;Sudeste;SP;Marília;0;0;2;2;0
2024;322;1131979;Gestão Da Tecnologia Da Informação;06;Computação e Tecnologias da Informação e Comunicação (TIC);Gestão da tecnologia da informação;3;2;2;Sudeste;SP;Marília;0;0;0;2;0
2024;322;1382607;Redes De Computadores;06;Computação e Tecnologias da Informação e Comunicação (TIC);Redes de computadores;3;2;2;Sudeste;SP;Marília;0;0;0;1;1
2024;322;1484730;Segurança Da Informação;06;Computação e Tecnologias da Informação e Comunicação (TIC);Segurança da informação;3;2;2;Sudeste;SP;Marília;0;0;0;0;0
2024;322;1286800;Análise E Desenvolvimento De Sistemas;06;Computação e Tecnologias da Informação e Comunicação (TIC);Sistemas de informação;3;2;2;Sudeste;SP;Matão;0;0;21;20;3
2024;322;1551097;Ciência Da Computação;06;Computação e Tecnologias da Informação e Comunicação (TIC);Ciência da computação;1;2;2;Sudeste;SP;Matão;0;0;2;1;0
2024;322;1131979;Gestão Da Tecnologia Da Informação;06;Computação e Tecnologias da Informação e Comunicação (TIC);Gestão da tecnologia da informação;3;2;2;Sudeste;SP;Matão;0;0;1;1;0
2024;322;1382607;Redes De Computadores;06;Computação e Tecnologias da Informação e Comunicação (TIC);Redes de computadores;3;2;2;Sudeste;SP;Matão;0;0;0;1;0
2024;322;1484730;Segurança Da Informação;06;Computação e Tecnologias da Informação e Comunicação (TIC);Segurança da informação;3;2;2;Sudeste;SP;Matão;0;0;4;3;1
2024;322;1286800;Análise E Desenvolvimento De Sistemas;06;Computação e Tecnologias da Informação e Comunicação (TIC);Sistemas de informação;3;2;2;Sudeste;SP;Mauá;0;0;23;21;6
2024;322;1551097;Ciência Da Computação;06;Computação e Tecnologias da Informação e Comunicação (TIC);Ciência da computação;1;2;2;Sudeste;SP;Mauá;0;0;4;4;0
2024;322;1131979;Gestão Da Tecnologia Da Informação;06;Computação e Tecnologias da Informação e Comunicação (TIC);Gestão da tecnologia da informação;3;2;2;Sudeste;SP;Mauá;0;0;2;4;2
2024;322;1382607;Redes De Computadores;06;Computação e Tecnologias da Informação e Comunicação (TIC);Redes de computadores;3;2;2;Sudeste;SP;Mauá;0;0;0;2;1
2024;322;1484730;Segurança Da Informação;06;Computação e Tecnologias da Informação e Comunicação (TIC);Segurança da informação;3;2;2;Sudeste;SP;Mauá;0;0;3;5;0
2024;322;1131979;Gestão Da Tecnologia Da Informação;06;Computação e Tecnologias da Informação e Comunicação (TIC);Gestão da tecnologia da informação;3;2;2;Sudeste;SP;Mirassol;0;0;0;2;0
2024;322;1382607;Redes De Computadores;06;Computação e Tecnologias da Informação e Comunicação (TIC);Redes de computadores;3;2;2;Sudeste;SP;Mirassol;0;0;0;1;1
2024;322;1286800;Análise E Desenvolvimento De Sistemas;06;Computação e Tecnologias da Informação e Comunicação (TIC);Sistemas de informação;3;2;2;Sudeste;SP;Mococa;0;0;8;2;0
2024;322;1551097;Ciência Da Computação;06;Computação e Tecnologias da Informação e Comunicação (TIC);Ciência da computação;1;2;2;Sudeste;SP;Mococa;0;0;2;2;0
2024;322;1131979;Gestão Da Tecnologia Da Informação;06;Computação e Tecnologias da Informação e Comunicação (TIC);Gestão da tecnologia da informação;3;2;2;Sudeste;SP;Mococa;0;0;4;4;1
2024;322;1484730;Segurança Da Informação;06;Computação e Tecnologias da Informação e Comunicação (TIC);Segurança da informação;3;2;2;Sudeste;SP;Mococa;0;0;1;1;0
2024;322;1286800;Análise E Desenvolvimento De Sistemas;06;Computação e Tecnologias da Informação e Comunicação (TIC);Sistemas de informação;3;2;2;Sudeste;SP;Mogi Guaçu;0;0;8;6;1
2024;322;1551097;Ciência Da Computação;06;Computação e Tecnologias da Informação e Comunicação (TIC);Ciência da computação;1;2;2;Sudeste;SP;Mogi Guaçu;0;0;1;3;0
2024;322;1131979;Gestão Da Tecnologia Da Informação;06;Computação e Tecnologias da Informação e Comunicação (TIC);Gestão da tecnologia da informação;3;2;2;Sudeste;SP;Mogi Guaçu;0;0;3;3;0
2024;322;1382607;Redes De Computadores;06;Computação e Tecnologias da Informação e Comunicação (TIC);Redes de computadores;3;2;2;Sudeste;SP;Mogi Guaçu;0;0;2;0;0
2024;322;1484730;Segurança Da Informação;06;Computação e Tecnologias da Informação e Comunicação (TIC);Segurança da informação;3;2;2;Sudeste;SP;Mogi Guaçu;0;0;2;1;0
2024;322;1286800;Análise E Desenvolvimento De Sistemas;06;Computação e Tecnologias da Informação e Comunicação (TIC);Sistemas de informação;3;2;2;Sudeste;SP;Mogi Mirim;0;0;13;9;1
2024;322;1551097;Ciência Da Computação;06;Computação e Tecnologias da Informação e Comunicação (TIC);Ciência da computação;1;2;2;Sudeste;SP;Mogi Mirim;0;0;3;4;0
2024;322;1131979;Gestão Da Tecnologia Da Informação;06;Computação e Tecnologias da Informação e Comunicação (TIC);Gestão da tecnologia da informação;3;2;2;Sudeste;SP;Mogi Mirim;0;0;0;1;0
2024;322;1382607;Redes De Computadores;06;Computação e Tecnologias da Informação e Comunicação (TIC);Redes de computadores;3;2;2;Sudeste;SP;Mogi Mirim;0;0;0;1;1
2024;322;1484730;Segurança Da Informação;06;Computação e Tecnologias da Informação e Comunicação (TIC);Segurança da informação;3;2;2;Sudeste;SP;Mogi Mirim;0;0;0;1;0
2024;322;1286800;Análise E Desenvolvimento De Sistemas;06;Computação e Tecnologias da Informação e Comunicação (TIC);Sistemas de informação;3;2;2;Sudeste;SP;Mogi das Cruzes;0;0;13;16;3
2024;322;1551097;Ciência Da Computação;06;Computação e Tecnologias da Informação e Comunicação (TIC);Ciência da computação;1;2;2;Sudeste;SP;Mogi das Cruzes;0;0;2;4;0
2024;322;1131979;Gestão Da Tecnologia Da Informação;06;Computação e Tecnologias da Informação e Comunicação (TIC);Gestão da tecnologia da informação;3;2;2;Sudeste;SP;Mogi das Cruzes;0;0;0;1;1
2024;322;1382607;Redes De Computadores;06;Computação e Tecnologias da Informação e Comunicação (TIC);Redes de computadores;3;2;2;Sudeste;SP;Mogi das Cruzes;0;0;1;0;0
2024;322;1484730;Segurança Da Informação;06;Computação e Tecnologias da Informação e Comunicação (TIC);Segurança da informação;3;2;2;Sudeste;SP;Mogi das Cruzes;0;0;4;2;1
2024;322;1286800;Análise E Desenvolvimento De Sistemas;06;Computação e Tecnologias da Informação e Comunicação (TIC);Sistemas de informação;3;2;2;Sudeste;SP;Monte Alto;0;0;3;2;1
2024;322;1131979;Gestão Da Tecnologia Da Informação;06;Computação e Tecnologias da Informação e Comunicação (TIC);Gestão da tecnologia da informação;3;2;2;Sudeste;SP;Monte Alto;0;0;1;1;0
2024;322;1286800;Análise E Desenvolvimento De Sistemas;06;Computação e Tecnologias da Informação e Comunicação (TIC);Sistemas de informação;3;2;2;Sudeste;SP;Monte Mor;0;0;9;7;1
2024;322;1551097;Ciência Da Computação;06;Computação e Tecnologias da Informação e Comunicação (TIC);Ciência da computação;1;2;2;Sudeste;SP;Monte Mor;0;0;1;5;0
2024;322;1131979;Gestão Da Tecnologia Da Informação;06;Computação e Tecnologias da Informação e Comunicação (TIC);Gestão da tecnologia da informação;3;2;2;Sudeste;SP;Monte Mor;0;0;3;3;1
2024;322;1382607;Redes De Computadores;06;Computação e Tecnologias da Informação e Comunicação (TIC);Redes de computadores;3;2;2;Sudeste;SP;Monte Mor;0;0;2;1;0
2024;322;1484730;Segurança Da Informação;06;Computação e Tecnologias da Informação e Comunicação (TIC);Segurança da informação;3;2;2;Sudeste;SP;Monte Mor;0;0;0;2;1
2024;322;1286800;Análise E Desenvolvimento De Sistemas;06;Computação e Tecnologias da Informação e Comunicação (TIC);Sistemas de informação;3;2;2;Sudeste;SP;Nhandeara;0;0;2;2;0
2024;322;1131979;Gestão Da Tecnologia Da Informação;06;Computação e Tecnologias da Informação e Comunicação (TIC);Gestão da tecnologia da informação;3;2;2;Sudeste;SP;Nhandeara;0;0;0;0;0
2024;322;1286800;Análise E Desenvolvimento De Sistemas;06;Computação e Tecnologias da Informação e Comunicação (TIC);Sistemas de informação;3;2;2;Sudeste;SP;Novo Horizonte;0;0;2;1;0
2024;322;1131979;Gestão Da Tecnologia Da Informação;06;Computação e Tecnologias da Informação e Comunicação (TIC);Gestão da tecnologia da informação;3;2;2;Sudeste;SP;Novo Horizonte;0;0;3;3;0
2024;322;1382607;Redes De Computadores;06;Computação e Tecnologias da Informação e Comunicação (TIC);Redes de computadores;3;2;2;Sudeste;SP;Novo Horizonte;0;0;0;0;0
2024;322;1286800;Análise E Desenvolvimento De Sistemas;06;Computação e Tecnologias da Informação e Comunicação (TIC);Sistemas de informação;3;2;2;Sudeste;SP;Orlândia;0;0;3;4;0
2024;322;1551097;Ciência Da Computação;06;Computação e Tecnologias da Informação e Comunicação (TIC);Ciência da computação;1;2;2;Sudeste;SP;Orlândia;0;0;4;4;0
2024;322;1131979;Gestão Da Tecnologia Da Informação;06;Computação e Tecnologias da Informação e Comunicação (TIC);Gestão da tecnologia da informação;3;2;2;Sudeste;SP;Orlândia;0;0;0;1;1
2024;322;1382607;Redes De Computadores;06;Computação e Tecnologias da Informação e Comunicação (TIC);Redes de computadores;3;2;2;Sudeste;SP;Orlândia;0;0;0;0;0
2024;322;1286800;Análise E Desenvolvimento De Sistemas;06;Computação e Tecnologias da Informação e Comunicação (TIC);Sistemas de informação;3;2;2;Sudeste;SP;Osasco;0;0;1;2;1
2024;322;1551097;Ciência Da Computação;06;Computação e Tecnologias da Informação e Comunicação (TIC);Ciência da computação;1;2;2;Sudeste;SP;Osasco;0;0;0;0;0
2024;322;1131979;Gestão Da Tecnologia Da Informação;06;Computação e Tecnologias da Informação e Comunicação (TIC);Gestão da tecnologia da informação;3;2;2;Sudeste;SP;Osasco;0;0;32;37;8
2024;322;1382607;Redes De Computadores;06;Computação e Tecnologias da Informação e Comunicação (TIC);Redes de computadores;3;2;2;Sudeste;SP;Osasco;0;0;4;7;1
2024;322;1484730;Segurança Da Informação;06;Computação e Tecnologias da Informação e Comunicação (TIC);Segurança da informação;3;2;2;Sudeste;SP;Osasco;0;0;13;12;5
2024;322;1286800;Análise E Desenvolvimento De Sistemas;06;Computação e Tecnologias da Informação e Comunicação (TIC);Sistemas de informação;3;2;2;Sudeste;SP;Ourinhos;0;0;9;12;0
2024;322;1131979;Gestão Da Tecnologia Da Informação;06;Computação e Tecnologias da Informação e Comunicação (TIC);Gestão da tecnologia da informação;3;2;2;Sudeste;SP;Ourinhos;0;0;0;1;1
2024;322;1382607;Redes De Computadores;06;Computação e Tecnologias da Informação e Comunicação (TIC);Redes de computadores;3;2;2;Sudeste;SP;Ourinhos;0;0;0;0;0
2024;322;1484730;Segurança Da Informação;06;Computação e Tecnologias da Informação e Comunicação (TIC);Segurança da informação;3;2;2;Sudeste;SP;Ourinhos;0;0;2;1;0
2024;322;1286800;Análise E Desenvolvimento De Sistemas;06;Computação e Tecnologias da Informação e Comunicação (TIC);Sistemas de informação;3;2;2;Sudeste;SP;Paraguaçu Paulista;0;0;3;3;1
2024;322;1551097;Ciência Da Computação;06;Computação e Tecnologias da Informação e Comunicação (TIC);Ciência da computação;1;2;2;Sudeste;SP;Paraguaçu Paulista;0;0;1;2;0
2024;322;1131979;Gestão Da Tecnologia Da Informação;06;Computação e Tecnologias da Informação e Comunicação (TIC);Gestão da tecnologia da informação;3;2;2;Sudeste;SP;Paraguaçu Paulista;0;0;0;2;0
2024;322;1484730;Segurança Da Informação;06;Computação e Tecnologias da Informação e Comunicação (TIC);Segurança da informação;3;2;2;Sudeste;SP;Paraguaçu Paulista;0;0;0;1;0
2024;322;1382607;Redes De Computadores;06;Computação e Tecnologias da Informação e Comunicação (TIC);Redes de computadores;3;2;2;Sudeste;SP;Paranapanema;0;0;0;0;0
2024;322;1286800;Análise E Desenvolvimento De Sistemas;06;Computação e Tecnologias da Informação e Comunicação (TIC);Sistemas de informação;3;2;2;Sudeste;SP;Paulínia;0;0;14;12;2
2024;322;1551097;Ciência Da Computação;06;Computação e Tecnologias da Informação e Comunicação (TIC);Ciência da computação;1;2;2;Sudeste;SP;Paulínia;0;0;7;6;0
2024;322;1131979;Gestão Da Tecnologia Da Informação;06;Computação e Tecnologias da Informação e Comunicação (TIC);Gestão da tecnologia da informação;3;2;2;Sudeste;SP;Paulínia;0;0;5;5;2
2024;322;1484730;Segurança Da Informação;06;Computação e Tecnologias da Informação e Comunicação (TIC);Segurança da informação;3;2;2;Sudeste;SP;Paulínia;0;0;3;2;0
2024;322;1286800;Análise E Desenvolvimento De Sistemas;06;Computação e Tecnologias da Informação e Comunicação (TIC);Sistemas de informação;3;2;2;Sudeste;SP;Pederneiras;0;0;0;1;0
2024;322;1131979;Gestão Da Tecnologia Da Informação;06;Computação e Tecnologias da Informação e Comunicação (TIC);Gestão da tecnologia da informação;3;2;2;Sudeste;SP;Pederneiras;0;0;0;0;0
2024;322;1382607;Redes De Computadores;06;Computação e Tecnologias da Informação e Comunicação (TIC);Redes de computadores;3;2;2;Sudeste;SP;Pederneiras;0;0;0;1;0
2024;322;1286800;Análise E Desenvolvimento De Sistemas;06;Computação e Tecnologias da Informação e Comunicação (TIC);Sistemas de informação;3;2;2;Sudeste;SP;Pedreira;0;0;6;6;1
2024;322;1551097;Ciência Da Computação;06;Computação e Tecnologias da Informação e Comunicação (TIC);Ciência da computação;1;2;2;Sudeste;SP;Pedreira;0;0;3;1;0
2024;322;1131979;Gestão Da Tecnologia Da Informação;06;Computação e Tecnologias da Informação e Comunicação (TIC);Gestão da tecnologia da informação;3;2;2;Sudeste;SP;Pedreira;0;0;1;0;0
2024;322;1286800;Análise E Desenvolvimento De Sistemas;06;Computação e Tecnologias da Informação e Comunicação (TIC);Sistemas de informação;3;2;2;Sudeste;SP;Penápolis;0;0;5;4;0
2024;322;1551097;Ciência Da Computação;06;Computação e Tecnologias da Informação e Comunicação (TIC);Ciência da computação;1;2;2;Sudeste;SP;Penápolis;0;0;1;2;0
2024;322;1382607;Redes De Computadores;06;Computação e Tecnologias da Informação e Comunicação (TIC);Redes de computadores;3;2;2;Sudeste;SP;Penápolis;0;0;1;3;0
2024;322;1484730;Segurança Da Informação;06;Computação e Tecnologias da Informação e Comunicação (TIC);Segurança da informação;3;2;2;Sudeste;SP;Penápolis;0;0;1;1;0
2024;322;1286800;Análise E Desenvolvimento De Sistemas;06;Computação e Tecnologias da Informação e Comunicação (TIC);Sistemas de informação;3;2;2;Sudeste;SP;Peruíbe;0;0;7;4;1
2024;322;1551097;Ciência Da Computação;06;Computação e Tecnologias da Informação e Comunicação (TIC);Ciência da computação;1;2;2;Sudeste;SP;Peruíbe;0;0;1;4;0
2024;322;1131979;Gestão Da Tecnologia Da Informação;06;Computação e Tecnologias da Informação e Comunicação (TIC);Gestão da tecnologia da informação;3;2;2;Sudeste;SP;Peruíbe;0;0;4;2;0
2024;322;1382607;Redes De Computadores;06;Computação e Tecnologias da Informação e Comunicação (TIC);Redes de computadores;3;2;2;Sudeste;SP;Peruíbe;0;0;0;0;0
2024;322;1286800;Análise E Desenvolvimento De Sistemas;06;Computação e Tecnologias da Informação e Comunicação (TIC);Sistemas de informação;3;2;2;Sudeste;SP;Piedade;0;0;0;2;1
2024;322;1551097;Ciência Da Computação;06;Computação e Tecnologias da Informação e Comunicação (TIC);Ciência da computação;1;2;2;Sudeste;SP;Piedade;0;0;0;1;0
2024;322;1131979;Gestão Da Tecnologia Da Informação;06;Computação e Tecnologias da Informação e Comunicação (TIC);Gestão da tecnologia da informação;3;2;2;Sudeste;SP;Piedade;0;0;0;1;1
2024;322;1286800;Análise E Desenvolvimento De Sistemas;06;Computação e Tecnologias da Informação e Comunicação (TIC);Sistemas de informação;3;2;2;Sudeste;SP;Pindamonhangaba;0;0;0;1;0
2024;322;1131979;Gestão Da Tecnologia Da Informação;06;Computação e Tecnologias da Informação e Comunicação (TIC);Gestão da tecnologia da informação;3;2;2;Sudeste;SP;Pindamonhangaba;0;0;1;2;0
2024;322;1484730;Segurança Da Informação;06;Computação e Tecnologias da Informação e Comunicação (TIC);Segurança da informação;3;2;2;Sudeste;SP;Pindamonhangaba;0;0;2;1;0
2024;322;1286800;Análise E Desenvolvimento De Sistemas;06;Computação e Tecnologias da Informação e Comunicação (TIC);Sistemas de informação;3;2;2;Sudeste;SP;Piracicaba;0;0;21;23;2
2024;322;1551097;Ciência Da Computação;06;Computação e Tecnologias da Informação e Comunicação (TIC);Ciência da computação;1;2;2;Sudeste;SP;Piracicaba;0;0;9;14;0
2024;322;1131979;Gestão Da Tecnologia Da Informação;06;Computação e Tecnologias da Informação e Comunicação (TIC);Gestão da tecnologia da informação;3;2;2;Sudeste;SP;Piracicaba;0;0;3;3;1
2024;322;1382607;Redes De Computadores;06;Computação e Tecnologias da Informação e Comunicação (TIC);Redes de computadores;3;2;2;Sudeste;SP;Piracicaba;0;0;1;2;0
2024;322;1484730;Segurança Da Informação;06;Computação e Tecnologias da Informação e Comunicação (TIC);Segurança da informação;3;2;2;Sudeste;SP;Piracicaba;0;0;1;3;1
2024;322;1286800;Análise E Desenvolvimento De Sistemas;06;Computação e Tecnologias da Informação e Comunicação (TIC);Sistemas de informação;3;2;2;Sudeste;SP;Piraju;0;0;7;4;0
2024;322;1551097;Ciência Da Computação;06;Computação e Tecnologias da Informação e Comunicação (TIC);Ciência da computação;1;2;2;Sudeste;SP;Piraju;0;0;1;1;0
2024;322;1131979;Gestão Da Tecnologia Da Informação;06;Computação e Tecnologias da Informação e Comunicação (TIC);Gestão da tecnologia da informação;3;2;2;Sudeste;SP;Piraju;0;0;1;2;1
2024;322;1484730;Segurança Da Informação;06;Computação e Tecnologias da Informação e Comunicação (TIC);Segurança da informação;3;2;2;Sudeste;SP;Piraju;0;0;0;0;0
2024;322;1286800;Análise E Desenvolvimento De Sistemas;06;Computação e Tecnologias da Informação e Comunicação (TIC);Sistemas de informação;3;2;2;Sudeste;SP;Pirajuí;0;0;0;1;0
2024;322;1551097;Ciência Da Computação;06;Computação e Tecnologias da Informação e Comunicação (TIC);Ciência da computação;1;2;2;Sudeste;SP;Pirajuí;0;0;2;2;0
2024;322;1131979;Gestão Da Tecnologia Da Informação;06;Computação e Tecnologias da Informação e Comunicação (TIC);Gestão da tecnologia da informação;3;2;2;Sudeste;SP;Pirajuí;0;0;0;0;0
2024;322;1382607;Redes De Computadores;06;Computação e Tecnologias da Informação e Comunicação (TIC);Redes de computadores;3;2;2;Sudeste;SP;Pirajuí;0;0;0;1;1
2024;322;1484730;Segurança Da Informação;06;Computação e Tecnologias da Informação e Comunicação (TIC);Segurança da informação;3;2;2;Sudeste;SP;Pirajuí;0;0;0;0;0
2024;322;1286800;Análise E Desenvolvimento De Sistemas;06;Computação e Tecnologias da Informação e Comunicação (TIC);Sistemas de informação;3;2;2;Sudeste;SP;Pirassununga;0;0;3;2;0
2024;322;1551097;Ciência Da Computação;06;Computação e Tecnologias da Informação e Comunicação (TIC);Ciência da computação;1;2;2;Sudeste;SP;Pirassununga;0;0;0;0;0
2024;322;1131979;Gestão Da Tecnologia Da Informação;06;Computação e Tecnologias da Informação e Comunicação (TIC);Gestão da tecnologia da informação;3;2;2;Sudeste;SP;Pirassununga;0;0;1;0;0
2024;322;1484730;Segurança Da Informação;06;Computação e Tecnologias da Informação e Comunicação (TIC);Segurança da informação;3;2;2;Sudeste;SP;Pirassununga;0;0;0;0;0
2024;322;1286800;Análise E Desenvolvimento De Sistemas;06;Computação e Tecnologias da Informação e Comunicação (TIC);Sistemas de informação;3;2;2;Sudeste;SP;Porto Ferreira;0;0;0;0;0
2024;322;1131979;Gestão Da Tecnologia Da Informação;06;Computação e Tecnologias da Informação e Comunicação (TIC);Gestão da tecnologia da informação;3;2;2;Sudeste;SP;Porto Ferreira;0;0;0;1;0
2024;322;1286800;Análise E Desenvolvimento De Sistemas;06;Computação e Tecnologias da Informação e Comunicação (TIC);Sistemas de informação;3;2;2;Sudeste;SP;Potirendaba;0;0;0;1;1
2024;322;1484730;Segurança Da Informação;06;Computação e Tecnologias da Informação e Comunicação (TIC);Segurança da informação;3;2;2;Sudeste;SP;Potirendaba;0;0;1;0;0
2024;322;1286800;Análise E Desenvolvimento De Sistemas;06;Computação e Tecnologias da Informação e Comunicação (TIC);Sistemas de informação;3;2;2;Sudeste;SP;Poá;0;0;10;13;3
2024;322;1551097;Ciência Da Computação;06;Computação e Tecnologias da Informação e Comunicação (TIC);Ciência da computação;1;2;2;Sudeste;SP;Poá;0;0;2;2;0
2024;322;1131979;Gestão Da Tecnologia Da Informação;06;Computação e Tecnologias da Informação e Comunicação (TIC);Gestão da tecnologia da informação;3;2;2;Sudeste;SP;Poá;0;0;1;1;0
2024;322;1382607;Redes De Computadores;06;Computação e Tecnologias da Informação e Comunicação (TIC);Redes de computadores;3;2;2;Sudeste;SP;Poá;0;0;2;2;0
2024;322;1484730;Segurança Da Informação;06;Computação e Tecnologias da Informação e Comunicação (TIC);Segurança da informação;3;2;2;Sudeste;SP;Poá;0;0;3;3;1
2024;322;1286800;Análise E Desenvolvimento De Sistemas;06;Computação e Tecnologias da Informação e Comunicação (TIC);Sistemas de informação;3;2;2;Sudeste;SP;Praia Grande;0;0;44;45;9
2024;322;1131979;Gestão Da Tecnologia Da Informação;06;Computação e Tecnologias da Informação e Comunicação (TIC);Gestão da tecnologia da informação;3;2;2;Sudeste;SP;Praia Grande;0;0;8;10;3
2024;322;1382607;Redes De Computadores;06;Computação e Tecnologias da Informação e Comunicação (TIC);Redes de computadores;3;2;2;Sudeste;SP;Praia Grande;0;0;0;1;1
2024;322;1484730;Segurança Da Informação;06;Computação e Tecnologias da Informação e Comunicação (TIC);Segurança da informação;3;2;2;Sudeste;SP;Praia Grande;0;0;4;4;1
2024;322;1551097;Ciência Da Computação;06;Computação e Tecnologias da Informação e Comunicação (TIC);Ciência da computação;1;2;2;Sudeste;SP;Presidente Prudente;0;0;2;5;0
2024;322;1131979;Gestão Da Tecnologia Da Informação;06;Computação e Tecnologias da Informação e Comunicação (TIC);Gestão da tecnologia da informação;3;2;2;Sudeste;SP;Presidente Prudente;0;0;2;0;0
2024;322;1382607;Redes De Computadores;06;Computação e Tecnologias da Informação e Comunicação (TIC);Redes de computadores;3;2;2;Sudeste;SP;Presidente Prudente;0;0;0;0;0
2024;322;1484730;Segurança Da Informação;06;Computação e Tecnologias da Informação e Comunicação (TIC);Segurança da informação;3;2;2;Sudeste;SP;Presidente Prudente;0;0;0;2;0
2024;322;1286800;Análise E Desenvolvimento De Sistemas;06;Computação e Tecnologias da Informação e Comunicação (TIC);Sistemas de informação;3;2;2;Sudeste;SP;Rancharia;0;0;3;2;0
2024;322;1551097;Ciência Da Computação;06;Computação e Tecnologias da Informação e Comunicação (TIC);Ciência da computação;1;2;2;Sudeste;SP;Rancharia;0;0;1;2;0
2024;322;1131979;Gestão Da Tecnologia Da Informação;06;Computação e Tecnologias da Informação e Comunicação (TIC);Gestão da tecnologia da informação;3;2;2;Sudeste;SP;Rancharia;0;0;0;0;0
2024;322;1382607;Redes De Computadores;06;Computação e Tecnologias da Informação e Comunicação (TIC);Redes de computadores;3;2;2;Sudeste;SP;Rancharia;0;0;0;1;1
2024;322;1484730;Segurança Da Informação;06;Computação e Tecnologias da Informação e Comunicação (TIC);Segurança da informação;3;2;2;Sudeste;SP;Rancharia;0;0;0;0;0
2024;322;1286800;Análise E Desenvolvimento De Sistemas;06;Computação e Tecnologias da Informação e Comunicação (TIC);Sistemas de informação;3;2;2;Sudeste;SP;Regente Feijó;0;0;0;1;1
2024;322;1286800;Análise E Desenvolvimento De Sistemas;06;Computação e Tecnologias da Informação e Comunicação (TIC);Sistemas de informação;3;2;2;Sudeste;SP;Registro;0;0;1;1;1
2024;322;1131979;Gestão Da Tecnologia Da Informação;06;Computação e Tecnologias da Informação e Comunicação (TIC);Gestão da tecnologia da informação;3;2;2;Sudeste;SP;Registro;0;0;0;1;0
2024;322;1286800;Análise E Desenvolvimento De Sistemas;06;Computação e Tecnologias da Informação e Comunicação (TIC);Sistemas de informação;3;2;2;Sudeste;SP;Ribeirão Bonito;0;0;0;1;0
2024;322;1131979;Gestão Da Tecnologia Da Informação;06;Computação e Tecnologias da Informação e Comunicação (TIC);Gestão da tecnologia da informação;3;2;2;Sudeste;SP;Ribeirão Bonito;0;0;0;0;0
2024;322;1131979;Gestão Da Tecnologia Da Informação;06;Computação e Tecnologias da Informação e Comunicação (TIC);Gestão da tecnologia da informação;3;2;2;Sudeste;SP;Ribeirão Pires;0;0;0;1;1
2024;322;1484730;Segurança Da Informação;06;Computação e Tecnologias da Informação e Comunicação (TIC);Segurança da informação;3;2;2;Sudeste;SP;Ribeirão Pires;0;0;0;1;1
2024;322;1258848;Análise E Desenvolvimento De Sistemas;06;Computação e Tecnologias da Informação e Comunicação (TIC);Sistemas de informação;3;1;1;Sudeste;SP;Ribeirão Preto;249;509;230;298;79
2024;322;7292;Ciência Da Computação;06;Computação e Tecnologias da Informação e Comunicação (TIC);Ciência da computação;1;1;1;Sudeste;SP;Ribeirão Preto;234;430;130;251;13
2024;322;1286800;Análise E Desenvolvimento De Sistemas;06;Computação e Tecnologias da Informação e Comunicação (TIC);Sistemas de informação;3;2;2;Sudeste;SP;Ribeirão Preto;0;0;114;105;23
2024;322;1551097;Ciência Da Computação;06;Computação e Tecnologias da Informação e Comunicação (TIC);Ciência da computação;1;2;2;Sudeste;SP;Ribeirão Preto;0;0;30;36;0
2024;322;1131979;Gestão Da Tecnologia Da Informação;06;Computação e Tecnologias da Informação e Comunicação (TIC);Gestão da tecnologia da informação;3;2;2;Sudeste;SP;Ribeirão Preto;0;0;17;14;2
2024;322;1382607;Redes De Computadores;06;Computação e Tecnologias da Informação e Comunicação (TIC);Redes de computadores;3;2;2;Sudeste;SP;Ribeirão Preto;0;0;5;5;0
2024;322;1484730;Segurança Da Informação;06;Computação e Tecnologias da Informação e Comunicação (TIC);Segurança da informação;3;2;2;Sudeste;SP;Ribeirão Preto;0;0;9;7;1
2024;322;1286800;Análise E Desenvolvimento De Sistemas;06;Computação e Tecnologias da Informação e Comunicação (TIC);Sistemas de informação;3;2;2;Sudeste;SP;Rio Claro;0;0;1;2;2
2024;322;1551097;Ciência Da Computação;06;Computação e Tecnologias da Informação e Comunicação (TIC);Ciência da computação;1;2;2;Sudeste;SP;Rio Claro;0;0;0;2;0
2024;322;1131979;Gestão Da Tecnologia Da Informação;06;Computação e Tecnologias da Informação e Comunicação (TIC);Gestão da tecnologia da informação;3;2;2;Sudeste;SP;Rio Claro;0;0;1;2;0
2024;322;1382607;Redes De Computadores;06;Computação e Tecnologias da Informação e Comunicação (TIC);Redes de computadores;3;2;2;Sudeste;SP;Rio Claro;0;0;0;1;0
2024;322;1484730;Segurança Da Informação;06;Computação e Tecnologias da Informação e Comunicação (TIC);Segurança da informação;3;2;2;Sudeste;SP;Rio Claro;0;0;2;1;0
2024;322;1286800;Análise E Desenvolvimento De Sistemas;06;Computação e Tecnologias da Informação e Comunicação (TIC);Sistemas de informação;3;2;2;Sudeste;SP;Salto;0;0;0;7;1
2024;322;1131979;Gestão Da Tecnologia Da Informação;06;Computação e Tecnologias da Informação e Comunicação (TIC);Gestão da tecnologia da informação;3;2;2;Sudeste;SP;Salto;0;0;0;4;2
2024;322;1382607;Redes De Computadores;06;Computação e Tecnologias da Informação e Comunicação (TIC);Redes de computadores;3;2;2;Sudeste;SP;Salto;0;0;0;0;0
2024;322;1484730;Segurança Da Informação;06;Computação e Tecnologias da Informação e Comunicação (TIC);Segurança da informação;3;2;2;Sudeste;SP;Salto;0;0;0;1;1
2024;322;1286800;Análise E Desenvolvimento De Sistemas;06;Computação e Tecnologias da Informação e Comunicação (TIC);Sistemas de informação;3;2;2;Sudeste;SP;Santa Bárbara d'Oeste;0;0;12;13;1
2024;322;1551097;Ciência Da Computação;06;Computação e Tecnologias da Informação e Comunicação (TIC);Ciência da computação;1;2;2;Sudeste;SP;Santa Bárbara d'Oeste;0;0;4;3;0
2024;322;1131979;Gestão Da Tecnologia Da Informação;06;Computação e Tecnologias da Informação e Comunicação (TIC);Gestão da tecnologia da informação;3;2;2;Sudeste;SP;Santa Bárbara d'Oeste;0;0;0;1;1
2024;322;1382607;Redes De Computadores;06;Computação e Tecnologias da Informação e Comunicação (TIC);Redes de computadores;3;2;2;Sudeste;SP;Santa Bárbara d'Oeste;0;0;0;3;0
2024;322;1484730;Segurança Da Informação;06;Computação e Tecnologias da Informação e Comunicação (TIC);Segurança da informação;3;2;2;Sudeste;SP;Santa Bárbara d'Oeste;0;0;1;2;1
2024;322;1286800;Análise E Desenvolvimento De Sistemas;06;Computação e Tecnologias da Informação e Comunicação (TIC);Sistemas de informação;3;2;2;Sudeste;SP;Santa Cruz das Palmeiras;0;0;3;5;2
2024;322;1131979;Gestão Da Tecnologia Da Informação;06;Computação e Tecnologias da Informação e Comunicação (TIC);Gestão da tecnologia da informação;3;2;2;Sudeste;SP;Santa Cruz das Palmeiras;0;0;1;0;0
2024;322;1484730;Segurança Da Informação;06;Computação e Tecnologias da Informação e Comunicação (TIC);Segurança da informação;3;2;2;Sudeste;SP;Santa Cruz das Palmeiras;0;0;1;0;0
2024;322;1286800;Análise E Desenvolvimento De Sistemas;06;Computação e Tecnologias da Informação e Comunicação (TIC);Sistemas de informação;3;2;2;Sudeste;SP;Santa Fé do Sul;0;0;2;4;2
2024;322;1382607;Redes De Computadores;06;Computação e Tecnologias da Informação e Comunicação (TIC);Redes de computadores;3;2;2;Sudeste;SP;Santa Fé do Sul;0;0;0;0;0
2024;322;123526;Análise E Desenvolvimento De Sistemas;06;Computação e Tecnologias da Informação e Comunicação (TIC);Sistemas de informação;3;1;1;Sudeste;SP;Santana de Parnaíba;504;706;387;541;106
2024;322;19548;Ciência Da Computação;06;Computação e Tecnologias da Informação e Comunicação (TIC);Ciência da computação;1;1;1;Sudeste;SP;Santana de Parnaíba;269;345;204;467;40
2024;322;5000454;Gestão Da Tecnologia Da Informação;06;Computação e Tecnologias da Informação e Comunicação (TIC);Gestão da tecnologia da informação;3;1;1;Sudeste;SP;Santana de Parnaíba;237;60;14;72;32
2024;322;99124;Redes De Computadores;06;Computação e Tecnologias da Informação e Comunicação (TIC);Redes de computadores;3;1;1;Sudeste;SP;Santana de Parnaíba;115;8;0;0;0
2024;322;75266;Sistemas De Informação;06;Computação e Tecnologias da Informação e Comunicação (TIC);Sistemas de informação;1;1;1;Sudeste;SP;Santana de Parnaíba;123;125;84;175;15
2024;322;1286800;Análise E Desenvolvimento De Sistemas;06;Computação e Tecnologias da Informação e Comunicação (TIC);Sistemas de informação;3;2;2;Sudeste;SP;Santana de Parnaíba;0;0;121;113;17
2024;322;1551097;Ciência Da Computação;06;Computação e Tecnologias da Informação e Comunicação (TIC);Ciência da computação;1;2;2;Sudeste;SP;Santana de Parnaíba;0;0;21;22;0
2024;322;1131979;Gestão Da Tecnologia Da Informação;06;Computação e Tecnologias da Informação e Comunicação (TIC);Gestão da tecnologia da informação;3;2;2;Sudeste;SP;Santana de Parnaíba;0;0;40;33;6
2024;322;1382607;Redes De Computadores;06;Computação e Tecnologias da Informação e Comunicação (TIC);Redes de computadores;3;2;2;Sudeste;SP;Santana de Parnaíba;0;0;9;8;2
2024;322;1484730;Segurança Da Informação;06;Computação e Tecnologias da Informação e Comunicação (TIC);Segurança da informação;3;2;2;Sudeste;SP;Santana de Parnaíba;0;0;8;4;0
2024;322;1286800;Análise E Desenvolvimento De Sistemas;06;Computação e Tecnologias da Informação e Comunicação (TIC);Sistemas de informação;3;2;2;Sudeste;SP;Santo André;0;0;52;55;14
2024;322;1551097;Ciência Da Computação;06;Computação e Tecnologias da Informação e Comunicação (TIC);Ciência da computação;1;2;2;Sudeste;SP;Santo André;0;0;15;15;0
2024;322;1131979;Gestão Da Tecnologia Da Informação;06;Computação e Tecnologias da Informação e Comunicação (TIC);Gestão da tecnologia da informação;3;2;2;Sudeste;SP;Santo André;0;0;18;18;3
2024;322;1382607;Redes De Computadores;06;Computação e Tecnologias da Informação e Comunicação (TIC);Redes de computadores;3;2;2;Sudeste;SP;Santo André;0;0;3;4;0
2024;322;1484730;Segurança Da Informação;06;Computação e Tecnologias da Informação e Comunicação (TIC);Segurança da informação;3;2;2;Sudeste;SP;Santo André;0;0;11;13;0
2024;322;1131979;Gestão Da Tecnologia Da Informação;06;Computação e Tecnologias da Informação e Comunicação (TIC);Gestão da tecnologia da informação;3;2;2;Sudeste;SP;Santo Antônio de Posse;0;0;2;0;0
2024;322;123541;Análise E Desenvolvimento De Sistemas;06;Computação e Tecnologias da Informação e Comunicação (TIC);Sistemas de informação;3;1;1;Sudeste;SP;Santos;181;591;260;339;106
2024;322;18833;Ciência Da Computação;06;Computação e Tecnologias da Informação e Comunicação (TIC);Ciência da computação;1;1;1;Sudeste;SP;Santos;162;247;79;173;15
2024;322;1215466;Sistemas De Informação;06;Computação e Tecnologias da Informação e Comunicação (TIC);Sistemas de informação;1;1;1;Sudeste;SP;Santos;116;37;3;4;3
2024;322;1286800;Análise E Desenvolvimento De Sistemas;06;Computação e Tecnologias da Informação e Comunicação (TIC);Sistemas de informação;3;2;2;Sudeste;SP;Santos;0;0;87;84;19
2024;322;1551097;Ciência Da Computação;06;Computação e Tecnologias da Informação e Comunicação (TIC);Ciência da computação;1;2;2;Sudeste;SP;Santos;0;0;20;23;0
2024;322;1131979;Gestão Da Tecnologia Da Informação;06;Computação e Tecnologias da Informação e Comunicação (TIC);Gestão da tecnologia da informação;3;2;2;Sudeste;SP;Santos;0;0;8;9;3
2024;322;1382607;Redes De Computadores;06;Computação e Tecnologias da Informação e Comunicação (TIC);Redes de computadores;3;2;2;Sudeste;SP;Santos;0;0;8;8;1
2024;322;1484730;Segurança Da Informação;06;Computação e Tecnologias da Informação e Comunicação (TIC);Segurança da informação;3;2;2;Sudeste;SP;Santos;0;0;8;5;1
2024;322;1286800;Análise E Desenvolvimento De Sistemas;06;Computação e Tecnologias da Informação e Comunicação (TIC);Sistemas de informação;3;2;2;Sudeste;SP;Serra Negra;0;0;0;1;1
2024;322;1551097;Ciência Da Computação;06;Computação e Tecnologias da Informação e Comunicação (TIC);Ciência da computação;1;2;2;Sudeste;SP;Serra Negra;0;0;1;2;0
2024;322;1131979;Gestão Da Tecnologia Da Informação;06;Computação e Tecnologias da Informação e Comunicação (TIC);Gestão da tecnologia da informação;3;2;2;Sudeste;SP;Serra Negra;0;0;1;0;0
2024;322;1286800;Análise E Desenvolvimento De Sistemas;06;Computação e Tecnologias da Informação e Comunicação (TIC);Sistemas de informação;3;2;2;Sudeste;SP;Sertãozinho;0;0;11;9;0
2024;322;1551097;Ciência Da Computação;06;Computação e Tecnologias da Informação e Comunicação (TIC);Ciência da computação;1;2;2;Sudeste;SP;Sertãozinho;0;0;8;8;0
2024;322;1131979;Gestão Da Tecnologia Da Informação;06;Computação e Tecnologias da Informação e Comunicação (TIC);Gestão da tecnologia da informação;3;2;2;Sudeste;SP;Sertãozinho;0;0;1;2;1
2024;322;1484730;Segurança Da Informação;06;Computação e Tecnologias da Informação e Comunicação (TIC);Segurança da informação;3;2;2;Sudeste;SP;Sertãozinho;0;0;0;0;0
2024;322;1286800;Análise E Desenvolvimento De Sistemas;06;Computação e Tecnologias da Informação e Comunicação (TIC);Sistemas de informação;3;2;2;Sudeste;SP;Socorro;0;0;5;7;1
2024;322;1551097;Ciência Da Computação;06;Computação e Tecnologias da Informação e Comunicação (TIC);Ciência da computação;1;2;2;Sudeste;SP;Socorro;0;0;1;0;0
2024;322;1131979;Gestão Da Tecnologia Da Informação;06;Computação e Tecnologias da Informação e Comunicação (TIC);Gestão da tecnologia da informação;3;2;2;Sudeste;SP;Socorro;0;0;1;1;0
2024;322;1382607;Redes De Computadores;06;Computação e Tecnologias da Informação e Comunicação (TIC);Redes de computadores;3;2;2;Sudeste;SP;Socorro;0;0;1;1;0
2024;322;123549;Análise E Desenvolvimento De Sistemas;06;Computação e Tecnologias da Informação e Comunicação (TIC);Sistemas de informação;3;1;1;Sudeste;SP;Sorocaba;238;523;205;261;48
2024;322;19517;Ciência Da Computação;06;Computação e Tecnologias da Informação e Comunicação (TIC);Ciência da computação;1;1;1;Sudeste;SP;Sorocaba;236;224;69;170;41
2024;322;77134;Gestão Da Tecnologia Da Informação;06;Computação e Tecnologias da Informação e Comunicação (TIC);Gestão da tecnologia da informação;3;1;1;Sudeste;SP;Sorocaba;62;140;37;20;0
2024;322;1286800;Análise E Desenvolvimento De Sistemas;06;Computação e Tecnologias da Informação e Comunicação (TIC);Sistemas de informação;3;2;2;Sudeste;SP;Sorocaba;0;0;166;161;35
2024;322;1551097;Ciência Da Computação;06;Computação e Tecnologias da Informação e Comunicação (TIC);Ciência da computação;1;2;2;Sudeste;SP;Sorocaba;0;0;23;31;0
2024;322;1131979;Gestão Da Tecnologia Da Informação;06;Computação e Tecnologias da Informação e Comunicação (TIC);Gestão da tecnologia da informação;3;2;2;Sudeste;SP;Sorocaba;0;0;34;24;7
2024;322;1382607;Redes De Computadores;06;Computação e Tecnologias da Informação e Comunicação (TIC);Redes de computadores;3;2;2;Sudeste;SP;Sorocaba;0;0;6;10;1
2024;322;1484730;Segurança Da Informação;06;Computação e Tecnologias da Informação e Comunicação (TIC);Segurança da informação;3;2;2;Sudeste;SP;Sorocaba;0;0;7;6;2
2024;322;1286800;Análise E Desenvolvimento De Sistemas;06;Computação e Tecnologias da Informação e Comunicação (TIC);Sistemas de informação;3;2;2;Sudeste;SP;Sumaré;0;0;33;27;7
2024;322;1551097;Ciência Da Computação;06;Computação e Tecnologias da Informação e Comunicação (TIC);Ciência da computação;1;2;2;Sudeste;SP;Sumaré;0;0;5;12;2
2024;322;1131979;Gestão Da Tecnologia Da Informação;06;Computação e Tecnologias da Informação e Comunicação (TIC);Gestão da tecnologia da informação;3;2;2;Sudeste;SP;Sumaré;0;0;6;6;0
2024;322;1382607;Redes De Computadores;06;Computação e Tecnologias da Informação e Comunicação (TIC);Redes de computadores;3;2;2;Sudeste;SP;Sumaré;0;0;4;3;1
2024;322;1484730;Segurança Da Informação;06;Computação e Tecnologias da Informação e Comunicação (TIC);Segurança da informação;3;2;2;Sudeste;SP;Sumaré;0;0;0;1;0
2024;322;1286800;Análise E Desenvolvimento De Sistemas;06;Computação e Tecnologias da Informação e Comunicação (TIC);Sistemas de informação;3;2;2;Sudeste;SP;Suzano;0;0;11;8;1
2024;322;1551097;Ciência Da Computação;06;Computação e Tecnologias da Informação e Comunicação (TIC);Ciência da computação;1;2;2;Sudeste;SP;Suzano;0;0;2;0;0
2024;322;1131979;Gestão Da Tecnologia Da Informação;06;Computação e Tecnologias da Informação e Comunicação (TIC);Gestão da tecnologia da informação;3;2;2;Sudeste;SP;Suzano;0;0;5;3;1
2024;322;1382607;Redes De Computadores;06;Computação e Tecnologias da Informação e Comunicação (TIC);Redes de computadores;3;2;2;Sudeste;SP;Suzano;0;0;1;2;1
2024;322;1484730;Segurança Da Informação;06;Computação e Tecnologias da Informação e Comunicação (TIC);Segurança da informação;3;2;2;Sudeste;SP;Suzano;0;0;0;1;0
2024;322;1286800;Análise E Desenvolvimento De Sistemas;06;Computação e Tecnologias da Informação e Comunicação (TIC);Sistemas de informação;3;2;2;Sudeste;SP;São Bernardo do Campo;0;0;86;73;14
2024;322;1551097;Ciência Da Computação;06;Computação e Tecnologias da Informação e Comunicação (TIC);Ciência da computação;1;2;2;Sudeste;SP;São Bernardo do Campo;0;0;14;18;0
2024;322;1131979;Gestão Da Tecnologia Da Informação;06;Computação e Tecnologias da Informação e Comunicação (TIC);Gestão da tecnologia da informação;3;2;2;Sudeste;SP;São Bernardo do Campo;0;0;22;37;6
2024;322;1382607;Redes De Computadores;06;Computação e Tecnologias da Informação e Comunicação (TIC);Redes de computadores;3;2;2;Sudeste;SP;São Bernardo do Campo;0;0;5;6;1
2024;322;1484730;Segurança Da Informação;06;Computação e Tecnologias da Informação e Comunicação (TIC);Segurança da informação;3;2;2;Sudeste;SP;São Bernardo do Campo;0;0;7;12;3
2024;322;1286800;Análise E Desenvolvimento De Sistemas;06;Computação e Tecnologias da Informação e Comunicação (TIC);Sistemas de informação;3;2;2;Sudeste;SP;São Caetano do Sul;0;0;12;20;9
2024;322;1551097;Ciência Da Computação;06;Computação e Tecnologias da Informação e Comunicação (TIC);Ciência da computação;1;2;2;Sudeste;SP;São Caetano do Sul;0;0;4;9;0
2024;322;1131979;Gestão Da Tecnologia Da Informação;06;Computação e Tecnologias da Informação e Comunicação (TIC);Gestão da tecnologia da informação;3;2;2;Sudeste;SP;São Caetano do Sul;0;0;4;6;3
2024;322;1382607;Redes De Computadores;06;Computação e Tecnologias da Informação e Comunicação (TIC);Redes de computadores;3;2;2;Sudeste;SP;São Caetano do Sul;0;0;0;1;0
2024;322;1484730;Segurança Da Informação;06;Computação e Tecnologias da Informação e Comunicação (TIC);Segurança da informação;3;2;2;Sudeste;SP;São Caetano do Sul;0;0;1;3;3
2024;322;1286800;Análise E Desenvolvimento De Sistemas;06;Computação e Tecnologias da Informação e Comunicação (TIC);Sistemas de informação;3;2;2;Sudeste;SP;São Carlos;0;0;22;23;6
2024;322;1551097;Ciência Da Computação;06;Computação e Tecnologias da Informação e Comunicação (TIC);Ciência da computação;1;2;2;Sudeste;SP;São Carlos;0;0;3;10;0
2024;322;1131979;Gestão Da Tecnologia Da Informação;06;Computação e Tecnologias da Informação e Comunicação (TIC);Gestão da tecnologia da informação;3;2;2;Sudeste;SP;São Carlos;0;0;3;2;1
2024;322;1382607;Redes De Computadores;06;Computação e Tecnologias da Informação e Comunicação (TIC);Redes de computadores;3;2;2;Sudeste;SP;São Carlos;0;0;1;2;0
2024;322;1484730;Segurança Da Informação;06;Computação e Tecnologias da Informação e Comunicação (TIC);Segurança da informação;3;2;2;Sudeste;SP;São Carlos;0;0;3;1;0
2024;322;1286800;Análise E Desenvolvimento De Sistemas;06;Computação e Tecnologias da Informação e Comunicação (TIC);Sistemas de informação;3;2;2;Sudeste;SP;São Joaquim da Barra;0;0;7;11;1
2024;322;1551097;Ciência Da Computação;06;Computação e Tecnologias da Informação e Comunicação (TIC);Ciência da computação;1;2;2;Sudeste;SP;São Joaquim da Barra;0;0;1;2;0
2024;322;1131979;Gestão Da Tecnologia Da Informação;06;Computação e Tecnologias da Informação e Comunicação (TIC);Gestão da tecnologia da informação;3;2;2;Sudeste;SP;São Joaquim da Barra;0;0;3;3;0
2024;322;1484730;Segurança Da Informação;06;Computação e Tecnologias da Informação e Comunicação (TIC);Segurança da informação;3;2;2;Sudeste;SP;São Joaquim da Barra;0;0;0;0;0
2024;322;1485428;Análise E Desenvolvimento De Sistemas;06;Computação e Tecnologias da Informação e Comunicação (TIC);Sistemas de informação;3;1;1;Sudeste;SP;São José do Rio Pardo;85;94;49;33;0
2024;322;1286800;Análise E Desenvolvimento De Sistemas;06;Computação e Tecnologias da Informação e Comunicação (TIC);Sistemas de informação;3;2;2;Sudeste;SP;São José do Rio Pardo;0;0;20;15;2
2024;322;1551097;Ciência Da Computação;06;Computação e Tecnologias da Informação e Comunicação (TIC);Ciência da computação;1;2;2;Sudeste;SP;São José do Rio Pardo;0;0;7;7;0
2024;322;1131979;Gestão Da Tecnologia Da Informação;06;Computação e Tecnologias da Informação e Comunicação (TIC);Gestão da tecnologia da informação;3;2;2;Sudeste;SP;São José do Rio Pardo;0;0;2;1;0
2024;322;1382607;Redes De Computadores;06;Computação e Tecnologias da Informação e Comunicação (TIC);Redes de computadores;3;2;2;Sudeste;SP;São José do Rio Pardo;0;0;3;1;0
2024;322;1484730;Segurança Da Informação;06;Computação e Tecnologias da Informação e Comunicação (TIC);Segurança da informação;3;2;2;Sudeste;SP;São José do Rio Pardo;0;0;2;3;0
2024;322;1298977;Análise E Desenvolvimento De Sistemas;06;Computação e Tecnologias da Informação e Comunicação (TIC);Sistemas de informação;3;1;1;Sudeste;SP;São José do Rio Preto;250;598;282;284;58
2024;322;19521;Ciência Da Computação;06;Computação e Tecnologias da Informação e Comunicação (TIC);Ciência da computação;1;1;1;Sudeste;SP;São José do Rio Preto;248;338;221;497;48
2024;322;1286800;Análise E Desenvolvimento De Sistemas;06;Computação e Tecnologias da Informação e Comunicação (TIC);Sistemas de informação;3;2;2;Sudeste;SP;São José do Rio Preto;0;0;111;82;19
2024;322;1551097;Ciência Da Computação;06;Computação e Tecnologias da Informação e Comunicação (TIC);Ciência da computação;1;2;2;Sudeste;SP;São José do Rio Preto;0;0;44;36;0
2024;322;1131979;Gestão Da Tecnologia Da Informação;06;Computação e Tecnologias da Informação e Comunicação (TIC);Gestão da tecnologia da informação;3;2;2;Sudeste;SP;São José do Rio Preto;0;0;21;17;1
2024;322;1382607;Redes De Computadores;06;Computação e Tecnologias da Informação e Comunicação (TIC);Redes de computadores;3;2;2;Sudeste;SP;São José do Rio Preto;0;0;7;4;0
2024;322;1484730;Segurança Da Informação;06;Computação e Tecnologias da Informação e Comunicação (TIC);Segurança da informação;3;2;2;Sudeste;SP;São José do Rio Preto;0;0;9;7;0
2024;322;123545;Análise E Desenvolvimento De Sistemas;06;Computação e Tecnologias da Informação e Comunicação (TIC);Sistemas de informação;3;1;1;Sudeste;SP;São José dos Campos;290;460;278;334;77
2024;322;18840;Ciência Da Computação;06;Computação e Tecnologias da Informação e Comunicação (TIC);Ciência da computação;1;1;1;Sudeste;SP;São José dos Campos;215;310;154;304;37
2024;322;1286800;Análise E Desenvolvimento De Sistemas;06;Computação e Tecnologias da Informação e Comunicação (TIC);Sistemas de informação;3;2;2;Sudeste;SP;São José dos Campos;0;0;151;136;27
2024;322;1551097;Ciência Da Computação;06;Computação e Tecnologias da Informação e Comunicação (TIC);Ciência da computação;1;2;2;Sudeste;SP;São José dos Campos;0;0;58;67;3
2024;322;1131979;Gestão Da Tecnologia Da Informação;06;Computação e Tecnologias da Informação e Comunicação (TIC);Gestão da tecnologia da informação;3;2;2;Sudeste;SP;São José dos Campos;0;0;18;11;2
2024;322;1382607;Redes De Computadores;06;Computação e Tecnologias da Informação e Comunicação (TIC);Redes de computadores;3;2;2;Sudeste;SP;São José dos Campos;0;0;13;12;1
2024;322;1484730;Segurança Da Informação;06;Computação e Tecnologias da Informação e Comunicação (TIC);Segurança da informação;3;2;2;Sudeste;SP;São José dos Campos;0;0;4;9;2
2024;322;1551097;Ciência Da Computação;06;Computação e Tecnologias da Informação e Comunicação (TIC);Ciência da computação;1;2;2;Sudeste;SP;São João da Boa Vista;0;0;3;4;0
2024;322;1131979;Gestão Da Tecnologia Da Informação;06;Computação e Tecnologias da Informação e Comunicação (TIC);Gestão da tecnologia da informação;3;2;2;Sudeste;SP;São João da Boa Vista;0;0;1;0;0
2024;322;1382607;Redes De Computadores;06;Computação e Tecnologias da Informação e Comunicação (TIC);Redes de computadores;3;2;2;Sudeste;SP;São João da Boa Vista;0;0;0;0;0
2024;322;1484730;Segurança Da Informação;06;Computação e Tecnologias da Informação e Comunicação (TIC);Segurança da informação;3;2;2;Sudeste;SP;São João da Boa Vista;0;0;0;2;0
2024;322;1131979;Gestão Da Tecnologia Da Informação;06;Computação e Tecnologias da Informação e Comunicação (TIC);Gestão da tecnologia da informação;3;2;2;Sudeste;SP;São Manuel;0;0;0;1;0
2024;322;1286800;Análise E Desenvolvimento De Sistemas;06;Computação e Tecnologias da Informação e Comunicação (TIC);Sistemas de informação;3;2;2;Sudeste;SP;São Miguel Arcanjo;0;0;1;0;0
2024;322;114097;Análise E Desenvolvimento De Sistemas;06;Computação e Tecnologias da Informação e Comunicação (TIC);Sistemas de informação;3;1;1;Sudeste;SP;São Paulo;126;256;141;196;68
2024;322;123523;Análise E Desenvolvimento De Sistemas;06;Computação e Tecnologias da Informação e Comunicação (TIC);Sistemas de informação;3;1;1;Sudeste;SP;São Paulo;483;853;431;594;150
2024;322;123530;Análise E Desenvolvimento De Sistemas;06;Computação e Tecnologias da Informação e Comunicação (TIC);Sistemas de informação;3;1;1;Sudeste;SP;São Paulo;121;194;115;89;10
2024;322;123537;Análise E Desenvolvimento De Sistemas;06;Computação e Tecnologias da Informação e Comunicação (TIC);Sistemas de informação;3;1;1;Sudeste;SP;São Paulo;501;1207;462;522;109
2024;322;123539;Análise E Desenvolvimento De Sistemas;06;Computação e Tecnologias da Informação e Comunicação (TIC);Sistemas de informação;3;1;1;Sudeste;SP;São Paulo;248;465;215;265;61
2024;322;1155933;Análise E Desenvolvimento De Sistemas;06;Computação e Tecnologias da Informação e Comunicação (TIC);Sistemas de informação;3;1;1;Sudeste;SP;São Paulo;371;670;266;308;89
2024;322;1156021;Análise E Desenvolvimento De Sistemas;06;Computação e Tecnologias da Informação e Comunicação (TIC);Sistemas de informação;3;1;1;Sudeste;SP;São Paulo;336;734;333;394;103
2024;322;1180605;Análise E Desenvolvimento De Sistemas;06;Computação e Tecnologias da Informação e Comunicação (TIC);Sistemas de informação;3;1;1;Sudeste;SP;São Paulo;238;258;88;98;18
2024;322;1258844;Análise E Desenvolvimento De Sistemas;06;Computação e Tecnologias da Informação e Comunicação (TIC);Sistemas de informação;3;1;1;Sudeste;SP;São Paulo;126;208;108;96;8
2024;322;19558;Ciência Da Computação;06;Computação e Tecnologias da Informação e Comunicação (TIC);Ciência da computação;1;1;1;Sudeste;SP;São Paulo;460;46;5;0;0
2024;322;38834;Ciência Da Computação;06;Computação e Tecnologias da Informação e Comunicação (TIC);Ciência da computação;1;1;1;Sudeste;SP;São Paulo;268;312;139;327;48
2024;322;65878;Ciência Da Computação;06;Computação e Tecnologias da Informação e Comunicação (TIC);Ciência da computação;1;1;1;Sudeste;SP;São Paulo;476;438;299;545;80
2024;322;65890;Ciência Da Computação;06;Computação e Tecnologias da Informação e Comunicação (TIC);Ciência da computação;1;1;1;Sudeste;SP;São Paulo;326;402;212;373;29
2024;322;69764;Ciência Da Computação;06;Computação e Tecnologias da Informação e Comunicação (TIC);Ciência da computação;1;1;1;Sudeste;SP;São Paulo;343;396;154;387;21
2024;322;69815;Ciência Da Computação;06;Computação e Tecnologias da Informação e Comunicação (TIC);Ciência da computação;1;1;1;Sudeste;SP;São Paulo;209;236;159;206;1
2024;322;69825;Ciência Da Computação;06;Computação e Tecnologias da Informação e Comunicação (TIC);Ciência da computação;1;1;1;Sudeste;SP;São Paulo;96;119;54;64;1
2024;322;1155950;Ciência Da Computação;06;Computação e Tecnologias da Informação e Comunicação (TIC);Ciência da computação;1;1;1;Sudeste;SP;São Paulo;115;19;3;0;0
2024;322;1357708;Ciência Da Computação;06;Computação e Tecnologias da Informação e Comunicação (TIC);Ciência da computação;1;1;1;Sudeste;SP;São Paulo;240;286;102;298;13
2024;322;67380;Gestão Da Tecnologia Da Informação;06;Computação e Tecnologias da Informação e Comunicação (TIC);Gestão da tecnologia da informação;3;1;1;Sudeste;SP;São Paulo;120;183;91;104;36
2024;322;75288;Gestão Da Tecnologia Da Informação;06;Computação e Tecnologias da Informação e Comunicação (TIC);Gestão da tecnologia da informação;3;1;1;Sudeste;SP;São Paulo;122;218;94;100;10
2024;322;76851;Gestão Da Tecnologia Da Informação;06;Computação e Tecnologias da Informação e Comunicação (TIC);Gestão da tecnologia da informação;3;1;1;Sudeste;SP;São Paulo;70;207;78;117;45
2024;322;77098;Gestão Da Tecnologia Da Informação;06;Computação e Tecnologias da Informação e Comunicação (TIC);Gestão da tecnologia da informação;3;1;1;Sudeste;SP;São Paulo;244;225;92;133;35
2024;322;1180799;Gestão Da Tecnologia Da Informação;06;Computação e Tecnologias da Informação e Comunicação (TIC);Gestão da tecnologia da informação;3;1;1;Sudeste;SP;São Paulo;235;249;81;74;25
2024;322;1258828;Gestão Da Tecnologia Da Informação;06;Computação e Tecnologias da Informação e Comunicação (TIC);Gestão da tecnologia da informação;3;1;1;Sudeste;SP;São Paulo;230;0;0;0;0
2024;322;1521927;Jogos Digitais;06;Computação e Tecnologias da Informação e Comunicação (TIC);Jogos digitais;3;1;1;Sudeste;SP;São Paulo;115;20;3;1;1
2024;322;65740;Redes De Computadores;06;Computação e Tecnologias da Informação e Comunicação (TIC);Redes de computadores;3;1;1;Sudeste;SP;São Paulo;119;79;39;26;5
2024;322;75284;Redes De Computadores;06;Computação e Tecnologias da Informação e Comunicação (TIC);Redes de computadores;3;1;1;Sudeste;SP;São Paulo;115;0;0;0;0
2024;322;19538;Sistemas De Informação;06;Computação e Tecnologias da Informação e Comunicação (TIC);Sistemas de informação;1;1;1;Sudeste;SP;São Paulo;144;145;50;68;23
2024;322;38854;Sistemas De Informação;06;Computação e Tecnologias da Informação e Comunicação (TIC);Sistemas de informação;1;1;1;Sudeste;SP;São Paulo;157;115;48;91;16
2024;322;69853;Sistemas De Informação;06;Computação e Tecnologias da Informação e Comunicação (TIC);Sistemas de informação;1;1;1;Sudeste;SP;São Paulo;321;199;88;305;42
2024;322;121912;Sistemas De Informação;06;Computação e Tecnologias da Informação e Comunicação (TIC);Sistemas de informação;1;1;1;Sudeste;SP;São Paulo;194;173;64;118;7
2024;322;1258851;Sistemas De Informação;06;Computação e Tecnologias da Informação e Comunicação (TIC);Sistemas de informação;1;1;1;Sudeste;SP;São Paulo;115;40;6;32;0
2024;322;1286800;Análise E Desenvolvimento De Sistemas;06;Computação e Tecnologias da Informação e Comunicação (TIC);Sistemas de informação;3;2;2;Sudeste;SP;São Paulo;0;0;1187;1154;238
2024;322;1551097;Ciência Da Computação;06;Computação e Tecnologias da Informação e Comunicação (TIC);Ciência da computação;1;2;2;Sudeste;SP;São Paulo;0;0;295;321;10
2024;322;1131979;Gestão Da Tecnologia Da Informação;06;Computação e Tecnologias da Informação e Comunicação (TIC);Gestão da tecnologia da informação;3;2;2;Sudeste;SP;São Paulo;0;0;325;303;49
2024;322;1382607;Redes De Computadores;06;Computação e Tecnologias da Informação e Comunicação (TIC);Redes de computadores;3;2;2;Sudeste;SP;São Paulo;0;0;63;79;17
2024;322;1484730;Segurança Da Informação;06;Computação e Tecnologias da Informação e Comunicação (TIC);Segurança da informação;3;2;2;Sudeste;SP;São Paulo;0;0;144;162;30
2024;322;1286800;Análise E Desenvolvimento De Sistemas;06;Computação e Tecnologias da Informação e Comunicação (TIC);Sistemas de informação;3;2;2;Sudeste;SP;São Pedro;0;0;1;0;0
2024;322;1551097;Ciência Da Computação;06;Computação e Tecnologias da Informação e Comunicação (TIC);Ciência da computação;1;2;2;Sudeste;SP;São Pedro;0;0;1;2;0
2024;322;1131979;Gestão Da Tecnologia Da Informação;06;Computação e Tecnologias da Informação e Comunicação (TIC);Gestão da tecnologia da informação;3;2;2;Sudeste;SP;São Pedro;0;0;1;2;0
2024;322;1484730;Segurança Da Informação;06;Computação e Tecnologias da Informação e Comunicação (TIC);Segurança da informação;3;2;2;Sudeste;SP;São Pedro;0;0;0;0;0
2024;322;1286800;Análise E Desenvolvimento De Sistemas;06;Computação e Tecnologias da Informação e Comunicação (TIC);Sistemas de informação;3;2;2;Sudeste;SP;São Roque;0;0;7;4;1
2024;322;1551097;Ciência Da Computação;06;Computação e Tecnologias da Informação e Comunicação (TIC);Ciência da computação;1;2;2;Sudeste;SP;São Roque;0;0;5;7;0
2024;322;1131979;Gestão Da Tecnologia Da Informação;06;Computação e Tecnologias da Informação e Comunicação (TIC);Gestão da tecnologia da informação;3;2;2;Sudeste;SP;São Roque;0;0;2;3;2
2024;322;1484730;Segurança Da Informação;06;Computação e Tecnologias da Informação e Comunicação (TIC);Segurança da informação;3;2;2;Sudeste;SP;São Roque;0;0;1;2;1
2024;322;1286800;Análise E Desenvolvimento De Sistemas;06;Computação e Tecnologias da Informação e Comunicação (TIC);Sistemas de informação;3;2;2;Sudeste;SP;São Sebastião;0;0;0;1;1
2024;322;1286800;Análise E Desenvolvimento De Sistemas;06;Computação e Tecnologias da Informação e Comunicação (TIC);Sistemas de informação;3;2;2;Sudeste;SP;São Vicente;0;0;25;32;5
2024;322;1551097;Ciência Da Computação;06;Computação e Tecnologias da Informação e Comunicação (TIC);Ciência da computação;1;2;2;Sudeste;SP;São Vicente;0;0;3;7;0
2024;322;1131979;Gestão Da Tecnologia Da Informação;06;Computação e Tecnologias da Informação e Comunicação (TIC);Gestão da tecnologia da informação;3;2;2;Sudeste;SP;São Vicente;0;0;5;4;2
2024;322;1382607;Redes De Computadores;06;Computação e Tecnologias da Informação e Comunicação (TIC);Redes de computadores;3;2;2;Sudeste;SP;São Vicente;0;0;1;2;1
2024;322;1484730;Segurança Da Informação;06;Computação e Tecnologias da Informação e Comunicação (TIC);Segurança da informação;3;2;2;Sudeste;SP;São Vicente;0;0;1;1;0
2024;322;1286800;Análise E Desenvolvimento De Sistemas;06;Computação e Tecnologias da Informação e Comunicação (TIC);Sistemas de informação;3;2;2;Sudeste;SP;Tabatinga;0;0;3;3;0
2024;322;1131979;Gestão Da Tecnologia Da Informação;06;Computação e Tecnologias da Informação e Comunicação (TIC);Gestão da tecnologia da informação;3;2;2;Sudeste;SP;Tabatinga;0;0;0;0;0
2024;322;1286800;Análise E Desenvolvimento De Sistemas;06;Computação e Tecnologias da Informação e Comunicação (TIC);Sistemas de informação;3;2;2;Sudeste;SP;Taboão da Serra;0;0;17;37;10
2024;322;1551097;Ciência Da Computação;06;Computação e Tecnologias da Informação e Comunicação (TIC);Ciência da computação;1;2;2;Sudeste;SP;Taboão da Serra;0;0;2;7;0
2024;322;1131979;Gestão Da Tecnologia Da Informação;06;Computação e Tecnologias da Informação e Comunicação (TIC);Gestão da tecnologia da informação;3;2;2;Sudeste;SP;Taboão da Serra;0;0;1;8;3
2024;322;1382607;Redes De Computadores;06;Computação e Tecnologias da Informação e Comunicação (TIC);Redes de computadores;3;2;2;Sudeste;SP;Taboão da Serra;0;0;0;1;0
2024;322;1484730;Segurança Da Informação;06;Computação e Tecnologias da Informação e Comunicação (TIC);Segurança da informação;3;2;2;Sudeste;SP;Taboão da Serra;0;0;4;5;2
2024;322;1551097;Ciência Da Computação;06;Computação e Tecnologias da Informação e Comunicação (TIC);Ciência da computação;1;2;2;Sudeste;SP;Tanabi;0;0;0;0;0
2024;322;1131979;Gestão Da Tecnologia Da Informação;06;Computação e Tecnologias da Informação e Comunicação (TIC);Gestão da tecnologia da informação;3;2;2;Sudeste;SP;Tanabi;0;0;0;0;0
2024;322;1131979;Gestão Da Tecnologia Da Informação;06;Computação e Tecnologias da Informação e Comunicação (TIC);Gestão da tecnologia da informação;3;2;2;Sudeste;SP;Tatuí;0;0;1;1;0
2024;322;1382607;Redes De Computadores;06;Computação e Tecnologias da Informação e Comunicação (TIC);Redes de computadores;3;2;2;Sudeste;SP;Tatuí;0;0;0;0;0
2024;322;1484730;Segurança Da Informação;06;Computação e Tecnologias da Informação e Comunicação (TIC);Segurança da informação;3;2;2;Sudeste;SP;Tatuí;0;0;0;0;0
2024;322;1286800;Análise E Desenvolvimento De Sistemas;06;Computação e Tecnologias da Informação e Comunicação (TIC);Sistemas de informação;3;2;2;Sudeste;SP;Taubaté;0;0;26;24;3
2024;322;1551097;Ciência Da Computação;06;Computação e Tecnologias da Informação e Comunicação (TIC);Ciência da computação;1;2;2;Sudeste;SP;Taubaté;0;0;0;0;0
2024;322;1131979;Gestão Da Tecnologia Da Informação;06;Computação e Tecnologias da Informação e Comunicação (TIC);Gestão da tecnologia da informação;3;2;2;Sudeste;SP;Taubaté;0;0;4;2;0
2024;322;1382607;Redes De Computadores;06;Computação e Tecnologias da Informação e Comunicação (TIC);Redes de computadores;3;2;2;Sudeste;SP;Taubaté;0;0;1;1;0
2024;322;1484730;Segurança Da Informação;06;Computação e Tecnologias da Informação e Comunicação (TIC);Segurança da informação;3;2;2;Sudeste;SP;Taubaté;0;0;1;1;0
2024;322;1286800;Análise E Desenvolvimento De Sistemas;06;Computação e Tecnologias da Informação e Comunicação (TIC);Sistemas de informação;3;2;2;Sudeste;SP;Tietê;0;0;5;5;2
2024;322;1551097;Ciência Da Computação;06;Computação e Tecnologias da Informação e Comunicação (TIC);Ciência da computação;1;2;2;Sudeste;SP;Tietê;0;0;1;3;0
2024;322;1131979;Gestão Da Tecnologia Da Informação;06;Computação e Tecnologias da Informação e Comunicação (TIC);Gestão da tecnologia da informação;3;2;2;Sudeste;SP;Tietê;0;0;0;0;0
2024;322;1484730;Segurança Da Informação;06;Computação e Tecnologias da Informação e Comunicação (TIC);Segurança da informação;3;2;2;Sudeste;SP;Tietê;0;0;0;0;0
2024;322;1286800;Análise E Desenvolvimento De Sistemas;06;Computação e Tecnologias da Informação e Comunicação (TIC);Sistemas de informação;3;2;2;Sudeste;SP;Tupã;0;0;0;1;0
2024;322;1551097;Ciência Da Computação;06;Computação e Tecnologias da Informação e Comunicação (TIC);Ciência da computação;1;2;2;Sudeste;SP;Tupã;0;0;0;0;0
2024;322;1131979;Gestão Da Tecnologia Da Informação;06;Computação e Tecnologias da Informação e Comunicação (TIC);Gestão da tecnologia da informação;3;2;2;Sudeste;SP;Ubatuba;0;0;2;1;0
2024;322;1286800;Análise E Desenvolvimento De Sistemas;06;Computação e Tecnologias da Informação e Comunicação (TIC);Sistemas de informação;3;2;2;Sudeste;SP;Valinhos;0;0;3;1;0
2024;322;1551097;Ciência Da Computação;06;Computação e Tecnologias da Informação e Comunicação (TIC);Ciência da computação;1;2;2;Sudeste;SP;Valinhos;0;0;5;3;0
2024;322;1484730;Segurança Da Informação;06;Computação e Tecnologias da Informação e Comunicação (TIC);Segurança da informação;3;2;2;Sudeste;SP;Valinhos;0;0;1;0;0
2024;322;1286800;Análise E Desenvolvimento De Sistemas;06;Computação e Tecnologias da Informação e Comunicação (TIC);Sistemas de informação;3;2;2;Sudeste;SP;Valparaíso;0;0;7;8;0
2024;322;1131979;Gestão Da Tecnologia Da Informação;06;Computação e Tecnologias da Informação e Comunicação (TIC);Gestão da tecnologia da informação;3;2;2;Sudeste;SP;Valparaíso;0;0;1;0;0
2024;322;1382607;Redes De Computadores;06;Computação e Tecnologias da Informação e Comunicação (TIC);Redes de computadores;3;2;2;Sudeste;SP;Valparaíso;0;0;1;1;0
2024;322;1484730;Segurança Da Informação;06;Computação e Tecnologias da Informação e Comunicação (TIC);Segurança da informação;3;2;2;Sudeste;SP;Valparaíso;0;0;0;0;0
2024;322;1131979;Gestão Da Tecnologia Da Informação;06;Computação e Tecnologias da Informação e Comunicação (TIC);Gestão da tecnologia da informação;3;2;2;Sudeste;SP;Vargem Grande do Sul;0;0;1;1;0
2024;322;1484730;Segurança Da Informação;06;Computação e Tecnologias da Informação e Comunicação (TIC);Segurança da informação;3;2;2;Sudeste;SP;Vargem Grande do Sul;0;0;0;0;0
2024;322;1286800;Análise E Desenvolvimento De Sistemas;06;Computação e Tecnologias da Informação e Comunicação (TIC);Sistemas de informação;3;2;2;Sudeste;SP;Vinhedo;0;0;9;9;1
2024;322;1551097;Ciência Da Computação;06;Computação e Tecnologias da Informação e Comunicação (TIC);Ciência da computação;1;2;2;Sudeste;SP;Vinhedo;0;0;4;3;0
2024;322;1131979;Gestão Da Tecnologia Da Informação;06;Computação e Tecnologias da Informação e Comunicação (TIC);Gestão da tecnologia da informação;3;2;2;Sudeste;SP;Vinhedo;0;0;3;4;2
2024;322;1382607;Redes De Computadores;06;Computação e Tecnologias da Informação e Comunicação (TIC);Redes de computadores;3;2;2;Sudeste;SP;Vinhedo;0;0;1;1;0
2024;322;1484730;Segurança Da Informação;06;Computação e Tecnologias da Informação e Comunicação (TIC);Segurança da informação;3;2;2;Sudeste;SP;Vinhedo;0;0;2;1;0
2024;322;1286800;Análise E Desenvolvimento De Sistemas;06;Computação e Tecnologias da Informação e Comunicação (TIC);Sistemas de informação;3;2;2;Sudeste;SP;Votorantim;0;0;1;1;0
2024;322;1382607;Redes De Computadores;06;Computação e Tecnologias da Informação e Comunicação (TIC);Redes de computadores;3;2;2;Sudeste;SP;Votorantim;0;0;0;0;0
2024;322;1131979;Gestão Da Tecnologia Da Informação;06;Computação e Tecnologias da Informação e Comunicação (TIC);Gestão da tecnologia da informação;3;2;2;Sudeste;SP;Votuporanga;0;0;3;0;0
2024;322;1382607;Redes De Computadores;06;Computação e Tecnologias da Informação e Comunicação (TIC);Redes de computadores;3;2;2;Sudeste;SP;Votuporanga;0;0;1;0;0
2024;322;1484730;Segurança Da Informação;06;Computação e Tecnologias da Informação e Comunicação (TIC);Segurança da informação;3;2;2;Sudeste;SP;Votuporanga;0;0;2;1;0
2024;322;1286800;Análise E Desenvolvimento De Sistemas;06;Computação e Tecnologias da Informação e Comunicação (TIC);Sistemas de informação;3;2;2;Sudeste;SP;Várzea Paulista;0;0;6;6;1
2024;322;1131979;Gestão Da Tecnologia Da Informação;06;Computação e Tecnologias da Informação e Comunicação (TIC);Gestão da tecnologia da informação;3;2;2;Sudeste;SP;Várzea Paulista;0;0;2;1;0
2024;322;1382607;Redes De Computadores;06;Computação e Tecnologias da Informação e Comunicação (TIC);Redes de computadores;3;2;2;Sudeste;SP;Várzea Paulista;0;0;0;0;0
2024;322;1484730;Segurança Da Informação;06;Computação e Tecnologias da Informação e Comunicação (TIC);Segurança da informação;3;2;2;Sudeste;SP;Várzea Paulista;0;0;0;0;0
2024;322;1286800;Análise E Desenvolvimento De Sistemas;06;Computação e Tecnologias da Informação e Comunicação (TIC);Sistemas de informação;3;2;2;Sudeste;SP;Águas de Lindóia;0;0;6;5;3
2024;322;1551097;Ciência Da Computação;06;Computação e Tecnologias da Informação e Comunicação (TIC);Ciência da computação;1;2;2;Sudeste;SP;Águas de Lindóia;0;0;1;1;0
2024;322;1131979;Gestão Da Tecnologia Da Informação;06;Computação e Tecnologias da Informação e Comunicação (TIC);Gestão da tecnologia da informação;3;2;2;Sudeste;SP;Águas de Lindóia;0;0;2;1;0
2024;322;1382607;Redes De Computadores;06;Computação e Tecnologias da Informação e Comunicação (TIC);Redes de computadores;3;2;2;Sudeste;SP;Águas de Lindóia;0;0;0;0;0
2024;322;1484730;Segurança Da Informação;06;Computação e Tecnologias da Informação e Comunicação (TIC);Segurança da informação;3;2;2;Sudeste;SP;Águas de Lindóia;0;0;1;1;0
2024;322;1286800;Análise E Desenvolvimento De Sistemas;06;Computação e Tecnologias da Informação e Comunicação (TIC);Sistemas de informação;3;2;2;Sul;PR;Apucarana;0;0;0;1;1
2024;322;1382607;Redes De Computadores;06;Computação e Tecnologias da Informação e Comunicação (TIC);Redes de computadores;3;2;2;Sul;PR;Apucarana;0;0;0;1;1
2024;322;1286800;Análise E Desenvolvimento De Sistemas;06;Computação e Tecnologias da Informação e Comunicação (TIC);Sistemas de informação;3;2;2;Sul;PR;Araucária;0;0;0;0;0
2024;322;1131979;Gestão Da Tecnologia Da Informação;06;Computação e Tecnologias da Informação e Comunicação (TIC);Gestão da tecnologia da informação;3;2;2;Sul;PR;Araucária;0;0;0;1;1
2024;322;1382607;Redes De Computadores;06;Computação e Tecnologias da Informação e Comunicação (TIC);Redes de computadores;3;2;2;Sul;PR;Araucária;0;0;0;0;0
2024;322;1484730;Segurança Da Informação;06;Computação e Tecnologias da Informação e Comunicação (TIC);Segurança da informação;3;2;2;Sul;PR;Cascavel;0;0;0;0;0
2024;322;1286800;Análise E Desenvolvimento De Sistemas;06;Computação e Tecnologias da Informação e Comunicação (TIC);Sistemas de informação;3;2;2;Sul;PR;Curitiba;0;0;11;12;0
2024;322;1551097;Ciência Da Computação;06;Computação e Tecnologias da Informação e Comunicação (TIC);Ciência da computação;1;2;2;Sul;PR;Curitiba;0;0;2;1;0
2024;322;1131979;Gestão Da Tecnologia Da Informação;06;Computação e Tecnologias da Informação e Comunicação (TIC);Gestão da tecnologia da informação;3;2;2;Sul;PR;Curitiba;0;0;2;3;2
2024;322;1382607;Redes De Computadores;06;Computação e Tecnologias da Informação e Comunicação (TIC);Redes de computadores;3;2;2;Sul;PR;Curitiba;0;0;3;3;1
2024;322;1484730;Segurança Da Informação;06;Computação e Tecnologias da Informação e Comunicação (TIC);Segurança da informação;3;2;2;Sul;PR;Curitiba;0;0;3;4;0
2024;322;1286800;Análise E Desenvolvimento De Sistemas;06;Computação e Tecnologias da Informação e Comunicação (TIC);Sistemas de informação;3;2;2;Sul;PR;Foz do Iguaçu;0;0;17;12;1
2024;322;1551097;Ciência Da Computação;06;Computação e Tecnologias da Informação e Comunicação (TIC);Ciência da computação;1;2;2;Sul;PR;Foz do Iguaçu;0;0;1;1;0
2024;322;1131979;Gestão Da Tecnologia Da Informação;06;Computação e Tecnologias da Informação e Comunicação (TIC);Gestão da tecnologia da informação;3;2;2;Sul;PR;Foz do Iguaçu;0;0;2;3;1
2024;322;1382607;Redes De Computadores;06;Computação e Tecnologias da Informação e Comunicação (TIC);Redes de computadores;3;2;2;Sul;PR;Foz do Iguaçu;0;0;1;1;0
2024;322;1484730;Segurança Da Informação;06;Computação e Tecnologias da Informação e Comunicação (TIC);Segurança da informação;3;2;2;Sul;PR;Foz do Iguaçu;0;0;1;1;0
2024;322;1551097;Ciência Da Computação;06;Computação e Tecnologias da Informação e Comunicação (TIC);Ciência da computação;1;2;2;Sul;PR;Francisco Beltrão;0;0;0;1;0
2024;322;1382607;Redes De Computadores;06;Computação e Tecnologias da Informação e Comunicação (TIC);Redes de computadores;3;2;2;Sul;PR;Francisco Beltrão;0;0;0;0;0
2024;322;1286800;Análise E Desenvolvimento De Sistemas;06;Computação e Tecnologias da Informação e Comunicação (TIC);Sistemas de informação;3;2;2;Sul;PR;Guarapuava;0;0;0;1;0
2024;322;1286800;Análise E Desenvolvimento De Sistemas;06;Computação e Tecnologias da Informação e Comunicação (TIC);Sistemas de informação;3;2;2;Sul;PR;Londrina;0;0;3;11;3
2024;322;1551097;Ciência Da Computação;06;Computação e Tecnologias da Informação e Comunicação (TIC);Ciência da computação;1;2;2;Sul;PR;Londrina;0;0;2;1;0
2024;322;1131979;Gestão Da Tecnologia Da Informação;06;Computação e Tecnologias da Informação e Comunicação (TIC);Gestão da tecnologia da informação;3;2;2;Sul;PR;Londrina;0;0;0;1;0
2024;322;1382607;Redes De Computadores;06;Computação e Tecnologias da Informação e Comunicação (TIC);Redes de computadores;3;2;2;Sul;PR;Londrina;0;0;1;0;0
2024;322;1484730;Segurança Da Informação;06;Computação e Tecnologias da Informação e Comunicação (TIC);Segurança da informação;3;2;2;Sul;PR;Londrina;0;0;0;2;0
2024;322;1286800;Análise E Desenvolvimento De Sistemas;06;Computação e Tecnologias da Informação e Comunicação (TIC);Sistemas de informação;3;2;2;Sul;PR;Marechal Cândido Rondon;0;0;4;1;1
2024;322;1551097;Ciência Da Computação;06;Computação e Tecnologias da Informação e Comunicação (TIC);Ciência da computação;1;2;2;Sul;PR;Marechal Cândido Rondon;0;0;0;0;0
2024;322;1131979;Gestão Da Tecnologia Da Informação;06;Computação e Tecnologias da Informação e Comunicação (TIC);Gestão da tecnologia da informação;3;2;2;Sul;PR;Marechal Cândido Rondon;0;0;1;1;0
2024;322;1382607;Redes De Computadores;06;Computação e Tecnologias da Informação e Comunicação (TIC);Redes de computadores;3;2;2;Sul;PR;Marechal Cândido Rondon;0;0;1;1;0
2024;322;1484730;Segurança Da Informação;06;Computação e Tecnologias da Informação e Comunicação (TIC);Segurança da informação;3;2;2;Sul;PR;Marechal Cândido Rondon;0;0;0;1;1
2024;322;1286800;Análise E Desenvolvimento De Sistemas;06;Computação e Tecnologias da Informação e Comunicação (TIC);Sistemas de informação;3;2;2;Sul;PR;Medianeira;0;0;1;4;0
2024;322;1551097;Ciência Da Computação;06;Computação e Tecnologias da Informação e Comunicação (TIC);Ciência da computação;1;2;2;Sul;PR;Medianeira;0;0;0;0;0
2024;322;1131979;Gestão Da Tecnologia Da Informação;06;Computação e Tecnologias da Informação e Comunicação (TIC);Gestão da tecnologia da informação;3;2;2;Sul;PR;Medianeira;0;0;1;3;1
2024;322;1382607;Redes De Computadores;06;Computação e Tecnologias da Informação e Comunicação (TIC);Redes de computadores;3;2;2;Sul;PR;Medianeira;0;0;0;3;0
2024;322;1382607;Redes De Computadores;06;Computação e Tecnologias da Informação e Comunicação (TIC);Redes de computadores;3;2;2;Sul;PR;Piraí do Sul;0;0;0;1;1
2024;322;1286800;Análise E Desenvolvimento De Sistemas;06;Computação e Tecnologias da Informação e Comunicação (TIC);Sistemas de informação;3;2;2;Sul;PR;Ponta Grossa;0;0;0;1;1
2024;322;1131979;Gestão Da Tecnologia Da Informação;06;Computação e Tecnologias da Informação e Comunicação (TIC);Gestão da tecnologia da informação;3;2;2;Sul;PR;Ponta Grossa;0;0;0;1;1
2024;322;1286800;Análise E Desenvolvimento De Sistemas;06;Computação e Tecnologias da Informação e Comunicação (TIC);Sistemas de informação;3;2;2;Sul;PR;Santa Fé;0;0;0;1;1
2024;322;1131979;Gestão Da Tecnologia Da Informação;06;Computação e Tecnologias da Informação e Comunicação (TIC);Gestão da tecnologia da informação;3;2;2;Sul;PR;Santa Fé;0;0;0;0;0
2024;322;1382607;Redes De Computadores;06;Computação e Tecnologias da Informação e Comunicação (TIC);Redes de computadores;3;2;2;Sul;PR;Telêmaco Borba;0;0;0;1;0
2024;322;1286800;Análise E Desenvolvimento De Sistemas;06;Computação e Tecnologias da Informação e Comunicação (TIC);Sistemas de informação;3;2;2;Sul;PR;Toledo;0;0;2;1;1
2024;322;1551097;Ciência Da Computação;06;Computação e Tecnologias da Informação e Comunicação (TIC);Ciência da computação;1;2;2;Sul;PR;Toledo;0;0;0;0;0
2024;322;1286800;Análise E Desenvolvimento De Sistemas;06;Computação e Tecnologias da Informação e Comunicação (TIC);Sistemas de informação;3;2;2;Sul;RS;Bagé;0;0;0;3;1
2024;322;1484730;Segurança Da Informação;06;Computação e Tecnologias da Informação e Comunicação (TIC);Segurança da informação;3;2;2;Sul;RS;Bagé;0;0;1;1;0
2024;322;1286800;Análise E Desenvolvimento De Sistemas;06;Computação e Tecnologias da Informação e Comunicação (TIC);Sistemas de informação;3;2;2;Sul;RS;Caxias do Sul;0;0;2;1;0
2024;322;1382607;Redes De Computadores;06;Computação e Tecnologias da Informação e Comunicação (TIC);Redes de computadores;3;2;2;Sul;RS;Caxias do Sul;0;0;1;0;0
2024;322;1484730;Segurança Da Informação;06;Computação e Tecnologias da Informação e Comunicação (TIC);Segurança da informação;3;2;2;Sul;RS;Gravataí;0;0;0;1;0
2024;322;1286800;Análise E Desenvolvimento De Sistemas;06;Computação e Tecnologias da Informação e Comunicação (TIC);Sistemas de informação;3;2;2;Sul;RS;Guaíba;0;0;0;1;1
2024;322;1286800;Análise E Desenvolvimento De Sistemas;06;Computação e Tecnologias da Informação e Comunicação (TIC);Sistemas de informação;3;2;2;Sul;RS;Ivoti;0;0;3;3;0
2024;322;1551097;Ciência Da Computação;06;Computação e Tecnologias da Informação e Comunicação (TIC);Ciência da computação;1;2;2;Sul;RS;Ivoti;0;0;1;2;0
2024;322;1286800;Análise E Desenvolvimento De Sistemas;06;Computação e Tecnologias da Informação e Comunicação (TIC);Sistemas de informação;3;2;2;Sul;RS;Novo Hamburgo;0;0;4;6;1
2024;322;1551097;Ciência Da Computação;06;Computação e Tecnologias da Informação e Comunicação (TIC);Ciência da computação;1;2;2;Sul;RS;Novo Hamburgo;0;0;2;3;0
2024;322;1382607;Redes De Computadores;06;Computação e Tecnologias da Informação e Comunicação (TIC);Redes de computadores;3;2;2;Sul;RS;Novo Hamburgo;0;0;0;1;0
2024;322;1484730;Segurança Da Informação;06;Computação e Tecnologias da Informação e Comunicação (TIC);Segurança da informação;3;2;2;Sul;RS;Novo Hamburgo;0;0;0;3;1
2024;322;1551097;Ciência Da Computação;06;Computação e Tecnologias da Informação e Comunicação (TIC);Ciência da computação;1;2;2;Sul;RS;Passo Fundo;0;0;0;0;0
2024;322;1131979;Gestão Da Tecnologia Da Informação;06;Computação e Tecnologias da Informação e Comunicação (TIC);Gestão da tecnologia da informação;3;2;2;Sul;RS;Passo Fundo;0;0;0;1;1
2024;322;1286800;Análise E Desenvolvimento De Sistemas;06;Computação e Tecnologias da Informação e Comunicação (TIC);Sistemas de informação;3;2;2;Sul;RS;Porto Alegre;0;0;4;6;4
2024;322;1551097;Ciência Da Computação;06;Computação e Tecnologias da Informação e Comunicação (TIC);Ciência da computação;1;2;2;Sul;RS;Porto Alegre;0;0;0;2;0
2024;322;1131979;Gestão Da Tecnologia Da Informação;06;Computação e Tecnologias da Informação e Comunicação (TIC);Gestão da tecnologia da informação;3;2;2;Sul;RS;Porto Alegre;0;0;0;1;1
2024;322;1382607;Redes De Computadores;06;Computação e Tecnologias da Informação e Comunicação (TIC);Redes de computadores;3;2;2;Sul;RS;Porto Alegre;0;0;0;9;5
2024;322;1484730;Segurança Da Informação;06;Computação e Tecnologias da Informação e Comunicação (TIC);Segurança da informação;3;2;2;Sul;RS;Porto Alegre;0;0;4;6;0
2024;322;1286800;Análise E Desenvolvimento De Sistemas;06;Computação e Tecnologias da Informação e Comunicação (TIC);Sistemas de informação;3;2;2;Sul;RS;Quaraí;0;0;2;4;0
2024;322;1551097;Ciência Da Computação;06;Computação e Tecnologias da Informação e Comunicação (TIC);Ciência da computação;1;2;2;Sul;RS;Quaraí;0;0;1;0;0
2024;322;1131979;Gestão Da Tecnologia Da Informação;06;Computação e Tecnologias da Informação e Comunicação (TIC);Gestão da tecnologia da informação;3;2;2;Sul;RS;Quaraí;0;0;1;0;0
2024;322;1382607;Redes De Computadores;06;Computação e Tecnologias da Informação e Comunicação (TIC);Redes de computadores;3;2;2;Sul;RS;Quaraí;0;0;0;0;0
2024;322;1484730;Segurança Da Informação;06;Computação e Tecnologias da Informação e Comunicação (TIC);Segurança da informação;3;2;2;Sul;RS;Quaraí;0;0;0;0;0
2024;322;1286800;Análise E Desenvolvimento De Sistemas;06;Computação e Tecnologias da Informação e Comunicação (TIC);Sistemas de informação;3;2;2;Sul;RS;Sant'Ana do Livramento;0;0;0;0;0
2024;322;1551097;Ciência Da Computação;06;Computação e Tecnologias da Informação e Comunicação (TIC);Ciência da computação;1;2;2;Sul;RS;Sant'Ana do Livramento;0;0;0;0;0
2024;322;1131979;Gestão Da Tecnologia Da Informação;06;Computação e Tecnologias da Informação e Comunicação (TIC);Gestão da tecnologia da informação;3;2;2;Sul;RS;Sant'Ana do Livramento;0;0;0;0;0
2024;322;1382607;Redes De Computadores;06;Computação e Tecnologias da Informação e Comunicação (TIC);Redes de computadores;3;2;2;Sul;RS;Sant'Ana do Livramento;0;0;0;1;0
2024;322;1484730;Segurança Da Informação;06;Computação e Tecnologias da Informação e Comunicação (TIC);Segurança da informação;3;2;2;Sul;RS;Sant'Ana do Livramento;0;0;1;1;1
2024;322;1382607;Redes De Computadores;06;Computação e Tecnologias da Informação e Comunicação (TIC);Redes de computadores;3;2;2;Sul;RS;Santa Maria;0;0;0;0;0
2024;322;1286800;Análise E Desenvolvimento De Sistemas;06;Computação e Tecnologias da Informação e Comunicação (TIC);Sistemas de informação;3;2;2;Sul;RS;São Leopoldo;0;0;0;1;1
2024;322;1551097;Ciência Da Computação;06;Computação e Tecnologias da Informação e Comunicação (TIC);Ciência da computação;1;2;2;Sul;RS;São Leopoldo;0;0;0;1;0
2024;322;1131979;Gestão Da Tecnologia Da Informação;06;Computação e Tecnologias da Informação e Comunicação (TIC);Gestão da tecnologia da informação;3;2;2;Sul;RS;São Leopoldo;0;0;1;1;1
2024;322;1382607;Redes De Computadores;06;Computação e Tecnologias da Informação e Comunicação (TIC);Redes de computadores;3;2;2;Sul;RS;São Leopoldo;0;0;0;3;1
2024;322;1484730;Segurança Da Informação;06;Computação e Tecnologias da Informação e Comunicação (TIC);Segurança da informação;3;2;2;Sul;RS;São Leopoldo;0;0;1;1;0
2024;322;1286800;Análise E Desenvolvimento De Sistemas;06;Computação e Tecnologias da Informação e Comunicação (TIC);Sistemas de informação;3;2;2;Sul;RS;Uruguaiana;0;0;2;0;0
2024;322;1551097;Ciência Da Computação;06;Computação e Tecnologias da Informação e Comunicação (TIC);Ciência da computação;1;2;2;Sul;RS;Uruguaiana;0;0;1;1;0
2024;322;1131979;Gestão Da Tecnologia Da Informação;06;Computação e Tecnologias da Informação e Comunicação (TIC);Gestão da tecnologia da informação;3;2;2;Sul;RS;Uruguaiana;0;0;0;0;0
2024;322;1382607;Redes De Computadores;06;Computação e Tecnologias da Informação e Comunicação (TIC);Redes de computadores;3;2;2;Sul;RS;Uruguaiana;0;0;0;0;0
2024;322;1484730;Segurança Da Informação;06;Computação e Tecnologias da Informação e Comunicação (TIC);Segurança da informação;3;2;2;Sul;RS;Uruguaiana;0;0;1;2;0
2024;322;1286800;Análise E Desenvolvimento De Sistemas;06;Computação e Tecnologias da Informação e Comunicação (TIC);Sistemas de informação;3;2;2;Sul;RS;Viamão;0;0;0;1;0
2024;322;1551097;Ciência Da Computação;06;Computação e Tecnologias da Informação e Comunicação (TIC);Ciência da computação;1;2;2;Sul;RS;Viamão;0;0;1;1;0
2024;322;1286800;Análise E Desenvolvimento De Sistemas;06;Computação e Tecnologias da Informação e Comunicação (TIC);Sistemas de informação;3;2;2;Sul;SC;Balneário Camboriú;0;0;0;0;0
2024;322;1484730;Segurança Da Informação;06;Computação e Tecnologias da Informação e Comunicação (TIC);Segurança da informação;3;2;2;Sul;SC;Balneário Camboriú;0;0;0;0;0
2024;322;1286800;Análise E Desenvolvimento De Sistemas;06;Computação e Tecnologias da Informação e Comunicação (TIC);Sistemas de informação;3;2;2;Sul;SC;Blumenau;0;0;0;0;0
2024;322;1286800;Análise E Desenvolvimento De Sistemas;06;Computação e Tecnologias da Informação e Comunicação (TIC);Sistemas de informação;3;2;2;Sul;SC;Brusque;0;0;1;0;0
2024;322;1382607;Redes De Computadores;06;Computação e Tecnologias da Informação e Comunicação (TIC);Redes de computadores;3;2;2;Sul;SC;Brusque;0;0;0;0;0
2024;322;1551097;Ciência Da Computação;06;Computação e Tecnologias da Informação e Comunicação (TIC);Ciência da computação;1;2;2;Sul;SC;Canoinhas;0;0;1;0;0
2024;322;1484730;Segurança Da Informação;06;Computação e Tecnologias da Informação e Comunicação (TIC);Segurança da informação;3;2;2;Sul;SC;Capinzal;0;0;1;1;0
2024;322;1551097;Ciência Da Computação;06;Computação e Tecnologias da Informação e Comunicação (TIC);Ciência da computação;1;2;2;Sul;SC;Concórdia;0;0;0;1;1
2024;322;1286800;Análise E Desenvolvimento De Sistemas;06;Computação e Tecnologias da Informação e Comunicação (TIC);Sistemas de informação;3;2;2;Sul;SC;Florianópolis;0;0;0;2;0
2024;322;1551097;Ciência Da Computação;06;Computação e Tecnologias da Informação e Comunicação (TIC);Ciência da computação;1;2;2;Sul;SC;Florianópolis;0;0;1;1;0
2024;322;1131979;Gestão Da Tecnologia Da Informação;06;Computação e Tecnologias da Informação e Comunicação (TIC);Gestão da tecnologia da informação;3;2;2;Sul;SC;Florianópolis;0;0;0;2;1
2024;322;1382607;Redes De Computadores;06;Computação e Tecnologias da Informação e Comunicação (TIC);Redes de computadores;3;2;2;Sul;SC;Florianópolis;0;0;0;0;0
2024;322;1484730;Segurança Da Informação;06;Computação e Tecnologias da Informação e Comunicação (TIC);Segurança da informação;3;2;2;Sul;SC;Florianópolis;0;0;0;2;1
2024;322;1551097;Ciência Da Computação;06;Computação e Tecnologias da Informação e Comunicação (TIC);Ciência da computação;1;2;2;Sul;SC;Itajaí;0;0;0;1;0
2024;322;1131979;Gestão Da Tecnologia Da Informação;06;Computação e Tecnologias da Informação e Comunicação (TIC);Gestão da tecnologia da informação;3;2;2;Sul;SC;Itajaí;0;0;1;0;0
2024;322;1484730;Segurança Da Informação;06;Computação e Tecnologias da Informação e Comunicação (TIC);Segurança da informação;3;2;2;Sul;SC;Itajaí;0;0;0;0;0
2024;322;1286800;Análise E Desenvolvimento De Sistemas;06;Computação e Tecnologias da Informação e Comunicação (TIC);Sistemas de informação;3;2;2;Sul;SC;Jaraguá do Sul;0;0;0;1;0
2024;322;1382607;Redes De Computadores;06;Computação e Tecnologias da Informação e Comunicação (TIC);Redes de computadores;3;2;2;Sul;SC;Jaraguá do Sul;0;0;0;0;0
2024;322;1286800;Análise E Desenvolvimento De Sistemas;06;Computação e Tecnologias da Informação e Comunicação (TIC);Sistemas de informação;3;2;2;Sul;SC;Joinville;0;0;0;5;2
2024;322;1551097;Ciência Da Computação;06;Computação e Tecnologias da Informação e Comunicação (TIC);Ciência da computação;1;2;2;Sul;SC;Joinville;0;0;0;1;0
2024;322;1131979;Gestão Da Tecnologia Da Informação;06;Computação e Tecnologias da Informação e Comunicação (TIC);Gestão da tecnologia da informação;3;2;2;Sul;SC;Joinville;0;0;0;3;2
2024;322;1382607;Redes De Computadores;06;Computação e Tecnologias da Informação e Comunicação (TIC);Redes de computadores;3;2;2;Sul;SC;Joinville;0;0;0;0;0
2024;322;1484730;Segurança Da Informação;06;Computação e Tecnologias da Informação e Comunicação (TIC);Segurança da informação;3;2;2;Sul;SC;Joinville;0;0;0;1;0
2024;322;1286800;Análise E Desenvolvimento De Sistemas;06;Computação e Tecnologias da Informação e Comunicação (TIC);Sistemas de informação;3;2;2;Sul;SC;São José;0;0;12;11;2
2024;322;1551097;Ciência Da Computação;06;Computação e Tecnologias da Informação e Comunicação (TIC);Ciência da computação;1;2;2;Sul;SC;São José;0;0;2;1;0
2024;322;1131979;Gestão Da Tecnologia Da Informação;06;Computação e Tecnologias da Informação e Comunicação (TIC);Gestão da tecnologia da informação;3;2;2;Sul;SC;São José;0;0;2;3;0
2024;322;1382607;Redes De Computadores;06;Computação e Tecnologias da Informação e Comunicação (TIC);Redes de computadores;3;2;2;Sul;SC;São José;0;0;6;6;1
2024;322;1484730;Segurança Da Informação;06;Computação e Tecnologias da Informação e Comunicação (TIC);Segurança da informação;3;2;2;Sul;SC;São José;0;0;1;2;1
2024;322;1286800;Análise E Desenvolvimento De Sistemas;06;Computação e Tecnologias da Informação e Comunicação (TIC);Sistemas de informação;3;2;2;Sul;SC;São João Batista;0;0;1;1;1
2024;322;1551097;Ciência Da Computação;06;Computação e Tecnologias da Informação e Comunicação (TIC);Ciência da computação;1;2;2;Sul;SC;São João Batista;0;0;1;0;0
2024;322;1131979;Gestão Da Tecnologia Da Informação;06;Computação e Tecnologias da Informação e Comunicação (TIC);Gestão da tecnologia da informação;3;2;2;Sul;SC;São João Batista;0;0;1;1;0
2024;322;1286800;Análise E Desenvolvimento De Sistemas;06;Computação e Tecnologias da Informação e Comunicação (TIC);Sistemas de informação;3;2;2;Sul;SC;São Miguel do Oeste;0;0;1;1;0
2024;322;1131979;Gestão Da Tecnologia Da Informação;06;Computação e Tecnologias da Informação e Comunicação (TIC);Gestão da tecnologia da informação;3;2;2;Sul;SC;São Miguel do Oeste;0;0;0;0;0
2024;322;1484730;Segurança Da Informação;06;Computação e Tecnologias da Informação e Comunicação (TIC);Segurança da informação;3;2;2;Sul;SC;São Miguel do Oeste;0;0;0;0;0
2024;322;1131979;Gestão Da Tecnologia Da Informação;06;Computação e Tecnologias da Informação e Comunicação (TIC);Gestão da tecnologia da informação;3;2;2;Sul;SC;Tubarão;0;0;0;0;0
2024;322;1382607;Redes De Computadores;06;Computação e Tecnologias da Informação e Comunicação (TIC);Redes de computadores;3;2;2;Sul;SC;Tubarão;0;0;1;0;0
2024;322;1484730;Segurança Da Informação;06;Computação e Tecnologias da Informação e Comunicação (TIC);Segurança da informação;3;2;2;Sul;SC;Tubarão;0;0;1;0;0
